[
  {
    "title": "woom UP 5 E-Bike 2023",
    "currentPrice": "2.279 €",
    "originalPrice": "2.990 €",
    "url": "https://rebike.com/de/woom-up-5-e-bike-2023?number=235329",
    "imageUrl": "https://rebike.com/_next/image?url=https%3A%2F%2Frebike-photo-nas.s3.eu-central-1.amazonaws.com%2Fpresentations%2F235329%2Fres%2F840%2F840_img_0001.jpg&w=1536&q=100",
    "category": "kids",
    "parsedAt": "2025-08-15T01:25:10.286Z",
    "images": [
      "https://rebike.com/_next/image?url=https%3A%2F%2Frebike-photo-nas.s3.eu-central-1.amazonaws.com%2Fpresentations%2F235329%2Fres%2F1284%2F1284_img_0001.jpg&w=1536&q=100",
      "https://rebike.com/_next/image?url=https%3A%2F%2Frebike-photo-nas.s3.eu-central-1.amazonaws.com%2Fpresentations%2F235329%2Fres%2F1284%2F1284_img_0002.jpg&w=1536&q=100",
      "https://rebike.com/_next/image?url=https%3A%2F%2Frebike-photo-nas.s3.eu-central-1.amazonaws.com%2Fpresentations%2F235329%2Fres%2F1284%2F1284_img_0003.jpg&w=1536&q=100",
      "https://rebike.com/_next/image?url=https%3A%2F%2Frebike-photo-nas.s3.eu-central-1.amazonaws.com%2Fpresentations%2F235329%2Fres%2F270%2F270_img_0001.jpg&w=1536&q=100",
      "https://rebike.com/_next/image?url=https%3A%2F%2Frebike-photo-nas.s3.eu-central-1.amazonaws.com%2Fpresentations%2F235329%2Fres%2F270%2F270_img_0002.jpg&w=1536&q=100",
      "https://rebike.com/_next/image?url=https%3A%2F%2Frebike-photo-nas.s3.eu-central-1.amazonaws.com%2Fpresentations%2F235329%2Fres%2F270%2F270_img_0003.jpg&w=1536&q=100",
      "https://rebike.com/_next/image?url=https%3A%2F%2Frebike-photo-nas.s3.eu-central-1.amazonaws.com%2Fpresentations%2F235329%2Fres%2F270%2F270_img_0004.jpg&w=1536&q=100",
      "https://rebike.com/_next/image?url=https%3A%2F%2Frebike-photo-nas.s3.eu-central-1.amazonaws.com%2Fpresentations%2F235329%2Fres%2F270%2F270_img_0005.jpg&w=1536&q=100"
    ],
    "description": "woom UP 5 E-Bike 2023. Wir versenden alle unsere E-Bike vormontiert. Du musst lediglich deinen Lenker gerade stellen, Sitzhöhe an deine Körpergröße anpassen und die Pedale anschrauben. Passendes Werkzeug liegt natürlich dabei.",
    "specifications": {
      "Artikel-Nr": "235329",
      "Akku": "Fazua Energy",
      "Akku Kapazität": "250 Wh",
      "Akku Position": "Intube Akku",
      "Display": "Fazua Rider"
    },
    "originalBasePriceEur": 2990,
    "currentBasePriceEur": 2279,
    "priceRub": "2279 €",
    "originalPriceRub": "2990 €",
    "originalPriceEur": "2.990 €",
    "currentPriceEur": "2.279 €",
    "discountPercent": 24,
    "id": "235329"
  }
]