[
  {
    "title": "Rose SNEAK PLUS EQ E-Gravelbike 2023",
    "currentPrice": "1.989 €",
    "originalPrice": "2.799 €",
    "url": "https://rebike.com/de/rose-sneak-plus-eq-e-gravelbike-2023-265332?number=265332",
    "imageUrl": "https://rebike.com/_next/image?url=https%3A%2F%2Frebike-photo-nas.s3.eu-central-1.amazonaws.com%2Fpresentations%2F265332%2Fres%2F840%2F840_img_0001.jpg&w=1536&q=100",
    "category": "gravel",
    "parsedAt": "2025-08-15T01:24:06.603Z",
    "images": [
      "https://rebike.com/_next/image?url=https%3A%2F%2Frebike-photo-nas.s3.eu-central-1.amazonaws.com%2Fpresentations%2F265332%2Fres%2F1284%2F1284_img_0001.jpg&w=1536&q=100",
      "https://rebike.com/_next/image?url=https%3A%2F%2Frebike-photo-nas.s3.eu-central-1.amazonaws.com%2Fpresentations%2F265332%2Fres%2F1284%2F1284_img_0002.jpg&w=1536&q=100",
      "https://rebike.com/_next/image?url=https%3A%2F%2Frebike-photo-nas.s3.eu-central-1.amazonaws.com%2Fpresentations%2F265332%2Fres%2F1284%2F1284_img_0003.jpg&w=1536&q=100",
      "https://rebike.com/_next/image?url=https%3A%2F%2Frebike-photo-nas.s3.eu-central-1.amazonaws.com%2Fpresentations%2F265332%2Fres%2F270%2F270_img_0001.jpg&w=1536&q=100",
      "https://rebike.com/_next/image?url=https%3A%2F%2Frebike-photo-nas.s3.eu-central-1.amazonaws.com%2Fpresentations%2F265332%2Fres%2F270%2F270_img_0002.jpg&w=1536&q=100",
      "https://rebike.com/_next/image?url=https%3A%2F%2Frebike-photo-nas.s3.eu-central-1.amazonaws.com%2Fpresentations%2F265332%2Fres%2F270%2F270_img_0003.jpg&w=1536&q=100",
      "https://rebike.com/_next/image?url=https%3A%2F%2Frebike-photo-nas.s3.eu-central-1.amazonaws.com%2Fpresentations%2F265332%2Fres%2F270%2F270_img_0004.jpg&w=1536&q=100",
      "https://rebike.com/_next/image?url=https%3A%2F%2Frebike-photo-nas.s3.eu-central-1.amazonaws.com%2Fpresentations%2F265332%2Fres%2F270%2F270_img_0005.jpg&w=1536&q=100"
    ],
    "description": "Rose SNEAK PLUS EQ E-Gravelbike 2023. Wir versenden alle unsere E-Bike vormontiert. Du musst lediglich deinen Lenker gerade stellen, Sitzhöhe an deine Körpergröße anpassen und die Pedale anschrauben. Passendes Werkzeug liegt natürlich dabei.",
    "specifications": {
      "Artikel-Nr": "265332",
      "Akku": "Mahle X35",
      "Akku Kapazität": "250 Wh",
      "Akku Position": "Intube Akku",
      "Bremse hinten": "Shimano MT200",
      "Bremse vorne": "Shimano MT200"
    },
    "originalBasePriceEur": 2799,
    "currentBasePriceEur": 1989,
    "priceRub": "1989 €",
    "originalPriceRub": "2799 €",
    "originalPriceEur": "2.799 €",
    "currentPriceEur": "1.989 €",
    "discountPercent": 29,
    "id": "265332"
  },
  {
    "title": "Corratec E-Allroad E-Gravelbike",
    "currentPrice": "2.149 €",
    "originalPrice": "4.199 €",
    "url": "https://rebike.com/de/corratec-e-allroad-e-gravelbike-2022-271432?number=271432",
    "imageUrl": "https://rebike.com/_next/image?url=https%3A%2F%2Frebike-photo-nas.s3.eu-central-1.amazonaws.com%2Fpresentations%2F271432%2Fres%2F840%2F840_img_0001.jpg&w=1536&q=100",
    "category": "gravel",
    "parsedAt": "2025-08-15T01:24:06.603Z",
    "images": [
      "https://rebike.com/_next/image?url=https%3A%2F%2Frebike-photo-nas.s3.eu-central-1.amazonaws.com%2Fpresentations%2F271432%2Fres%2F1284%2F1284_img_0001.jpg&w=1536&q=100",
      "https://rebike.com/_next/image?url=https%3A%2F%2Frebike-photo-nas.s3.eu-central-1.amazonaws.com%2Fpresentations%2F271432%2Fres%2F1284%2F1284_img_0002.jpg&w=1536&q=100",
      "https://rebike.com/_next/image?url=https%3A%2F%2Frebike-photo-nas.s3.eu-central-1.amazonaws.com%2Fpresentations%2F271432%2Fres%2F1284%2F1284_img_0003.jpg&w=1536&q=100",
      "https://rebike.com/_next/image?url=https%3A%2F%2Frebike-photo-nas.s3.eu-central-1.amazonaws.com%2Fpresentations%2F271432%2Fres%2F270%2F270_img_0001.jpg&w=1536&q=100",
      "https://rebike.com/_next/image?url=https%3A%2F%2Frebike-photo-nas.s3.eu-central-1.amazonaws.com%2Fpresentations%2F271432%2Fres%2F270%2F270_img_0002.jpg&w=1536&q=100",
      "https://rebike.com/_next/image?url=https%3A%2F%2Frebike-photo-nas.s3.eu-central-1.amazonaws.com%2Fpresentations%2F271432%2Fres%2F270%2F270_img_0003.jpg&w=1536&q=100",
      "https://rebike.com/_next/image?url=https%3A%2F%2Frebike-photo-nas.s3.eu-central-1.amazonaws.com%2Fpresentations%2F271432%2Fres%2F270%2F270_img_0004.jpg&w=1536&q=100",
      "https://rebike.com/_next/image?url=https%3A%2F%2Frebike-photo-nas.s3.eu-central-1.amazonaws.com%2Fpresentations%2F271432%2Fres%2F270%2F270_img_0005.jpg&w=1536&q=100"
    ],
    "description": "Corratec E-Allroad E-Gravelbike. Wir versenden alle unsere E-Bike vormontiert. Du musst lediglich deinen Lenker gerade stellen, Sitzhöhe an deine Körpergröße anpassen und die Pedale anschrauben. Passendes Werkzeug liegt natürlich dabei.",
    "specifications": {
      "Artikel-Nr": "271432",
      "Akku": "Fazua Energy",
      "Akku Kapazität": "250 Wh",
      "Akku Position": "Intube Akku",
      "Bremse hinten": "SRAM Rival",
      "Bremse vorne": "SRAM Rival"
    },
    "originalBasePriceEur": 4199,
    "currentBasePriceEur": 2149,
    "priceRub": "2149 €",
    "originalPriceRub": "4199 €",
    "originalPriceEur": "4.199 €",
    "currentPriceEur": "2.149 €",
    "discountPercent": 49,
    "id": "271432"
  },
  {
    "title": "Cube Editor Hybrid SLT X E-Gravelbike 2024",
    "currentPrice": "2.279 €",
    "originalPrice": "3.521 €",
    "url": "https://rebike.com/de/cube-editor-hybrid-slt-x-e-gravelbike-2024-275532?number=275532",
    "imageUrl": "https://rebike.com/_next/image?url=https%3A%2F%2Frebike-photo-nas.s3.eu-central-1.amazonaws.com%2Fpresentations%2F275532%2Fres%2F840%2F840_img_0001.jpg&w=1536&q=100",
    "category": "gravel",
    "parsedAt": "2025-08-15T01:24:06.603Z",
    "images": [
      "https://rebike.com/_next/image?url=https%3A%2F%2Frebike-photo-nas.s3.eu-central-1.amazonaws.com%2Fpresentations%2F275532%2Fres%2F1284%2F1284_img_0001.jpg&w=1536&q=100",
      "https://rebike.com/_next/image?url=https%3A%2F%2Frebike-photo-nas.s3.eu-central-1.amazonaws.com%2Fpresentations%2F275532%2Fres%2F1284%2F1284_img_0002.jpg&w=1536&q=100",
      "https://rebike.com/_next/image?url=https%3A%2F%2Frebike-photo-nas.s3.eu-central-1.amazonaws.com%2Fpresentations%2F275532%2Fres%2F1284%2F1284_img_0003.jpg&w=1536&q=100",
      "https://rebike.com/_next/image?url=https%3A%2F%2Frebike-photo-nas.s3.eu-central-1.amazonaws.com%2Fpresentations%2F275532%2Fres%2F270%2F270_img_0001.jpg&w=1536&q=100",
      "https://rebike.com/_next/image?url=https%3A%2F%2Frebike-photo-nas.s3.eu-central-1.amazonaws.com%2Fpresentations%2F275532%2Fres%2F270%2F270_img_0002.jpg&w=1536&q=100",
      "https://rebike.com/_next/image?url=https%3A%2F%2Frebike-photo-nas.s3.eu-central-1.amazonaws.com%2Fpresentations%2F275532%2Fres%2F270%2F270_img_0003.jpg&w=1536&q=100",
      "https://rebike.com/_next/image?url=https%3A%2F%2Frebike-photo-nas.s3.eu-central-1.amazonaws.com%2Fpresentations%2F275532%2Fres%2F270%2F270_img_0004.jpg&w=1536&q=100",
      "https://rebike.com/_next/image?url=https%3A%2F%2Frebike-photo-nas.s3.eu-central-1.amazonaws.com%2Fpresentations%2F275532%2Fres%2F270%2F270_img_0005.jpg&w=1536&q=100"
    ],
    "description": "Cube Editor Hybrid SLT X E-Gravelbike 2024. Wir versenden alle unsere E-Bike vormontiert. Du musst lediglich deinen Lenker gerade stellen, Sitzhöhe an deine Körpergröße anpassen und die Pedale anschrauben. Passendes Werkzeug liegt natürlich dabei.",
    "specifications": {
      "Artikel-Nr": "275532",
      "Akku": "Bosch PowerTube",
      "Akku Kapazität": "400 Wh",
      "Akku Position": "Intube Akku",
      "Bremse hinten": "Shimano Deore M6100",
      "Bremse vorne": "Shimano Deore M6100"
    },
    "originalBasePriceEur": 3521,
    "currentBasePriceEur": 2279,
    "priceRub": "2279 €",
    "originalPriceRub": "3521 €",
    "originalPriceEur": "3.521 €",
    "currentPriceEur": "2.279 €",
    "discountPercent": 35,
    "id": "275532"
  },
  {
    "title": "Rose Reveal Plus 105 E-Gravelbike 2023",
    "currentPrice": "2.589 €",
    "originalPrice": "4.048 €",
    "url": "https://rebike.com/de/rose-reveal-plus-105-e-gravelbike-2023-matt-carbon-gold-272235?number=272235",
    "imageUrl": "https://rebike.com/_next/image?url=https%3A%2F%2Frebike-photo-nas.s3.eu-central-1.amazonaws.com%2Fpresentations%2F272235%2Fres%2F840%2F840_img_0001.jpg&w=1536&q=100",
    "category": "gravel",
    "parsedAt": "2025-08-15T01:24:06.603Z",
    "images": [
      "https://rebike.com/_next/image?url=https%3A%2F%2Frebike-photo-nas.s3.eu-central-1.amazonaws.com%2Fpresentations%2F272235%2Fres%2F1284%2F1284_img_0001.jpg&w=1536&q=100",
      "https://rebike.com/_next/image?url=https%3A%2F%2Frebike-photo-nas.s3.eu-central-1.amazonaws.com%2Fpresentations%2F272235%2Fres%2F1284%2F1284_img_0002.jpg&w=1536&q=100",
      "https://rebike.com/_next/image?url=https%3A%2F%2Frebike-photo-nas.s3.eu-central-1.amazonaws.com%2Fpresentations%2F272235%2Fres%2F1284%2F1284_img_0003.jpg&w=1536&q=100",
      "https://rebike.com/_next/image?url=https%3A%2F%2Frebike-photo-nas.s3.eu-central-1.amazonaws.com%2Fpresentations%2F272235%2Fres%2F270%2F270_img_0001.jpg&w=1536&q=100",
      "https://rebike.com/_next/image?url=https%3A%2F%2Frebike-photo-nas.s3.eu-central-1.amazonaws.com%2Fpresentations%2F272235%2Fres%2F270%2F270_img_0002.jpg&w=1536&q=100",
      "https://rebike.com/_next/image?url=https%3A%2F%2Frebike-photo-nas.s3.eu-central-1.amazonaws.com%2Fpresentations%2F272235%2Fres%2F270%2F270_img_0003.jpg&w=1536&q=100",
      "https://rebike.com/_next/image?url=https%3A%2F%2Frebike-photo-nas.s3.eu-central-1.amazonaws.com%2Fpresentations%2F272235%2Fres%2F270%2F270_img_0004.jpg&w=1536&q=100",
      "https://rebike.com/_next/image?url=https%3A%2F%2Frebike-photo-nas.s3.eu-central-1.amazonaws.com%2Fpresentations%2F272235%2Fres%2F270%2F270_img_0005.jpg&w=1536&q=100"
    ],
    "description": "Rose Reveal Plus 105 E-Gravelbike 2023. Wir versenden alle unsere E-Bike vormontiert. Du musst lediglich deinen Lenker gerade stellen, Sitzhöhe an deine Körpergröße anpassen und die Pedale anschrauben. Passendes Werkzeug liegt natürlich dabei.",
    "specifications": {
      "Artikel-Nr": "272235",
      "Akku": "Mahle X20",
      "Akku Kapazität": "250 Wh",
      "Akku Position": "Intube Akku",
      "Bremse hinten": "Shimano BR-R7070",
      "Bremse vorne": "Shimano BR-R7070"
    },
    "originalBasePriceEur": 4048,
    "currentBasePriceEur": 2589,
    "priceRub": "2589 €",
    "originalPriceRub": "4048 €",
    "originalPriceEur": "4.048 €",
    "currentPriceEur": "2.589 €",
    "discountPercent": 36,
    "id": "272235"
  },
  {
    "title": "Corratec E-Corones Elite E-Gravelbike",
    "currentPrice": "2.699 €",
    "originalPrice": "4.799 €",
    "url": "https://rebike.com/de/corratec-e-corones-elite-e-rennrad-2021?number=207395",
    "imageUrl": "https://rebike.com/_next/image?url=https%3A%2F%2Frebike-photo-nas.s3.eu-central-1.amazonaws.com%2Fpresentations%2F207395%2Fres%2F840%2F840_img_0001.jpg&w=1536&q=100",
    "category": "gravel",
    "parsedAt": "2025-08-15T01:24:06.603Z",
    "images": [
      "https://rebike.com/_next/image?url=https%3A%2F%2Frebike-photo-nas.s3.eu-central-1.amazonaws.com%2Fpresentations%2F207395%2Fres%2F1284%2F1284_img_0001.jpg&w=1536&q=100",
      "https://rebike.com/_next/image?url=https%3A%2F%2Frebike-photo-nas.s3.eu-central-1.amazonaws.com%2Fpresentations%2F207395%2Fres%2F1284%2F1284_img_0002.jpg&w=1536&q=100",
      "https://rebike.com/_next/image?url=https%3A%2F%2Frebike-photo-nas.s3.eu-central-1.amazonaws.com%2Fpresentations%2F207395%2Fres%2F1284%2F1284_img_0003.jpg&w=1536&q=100",
      "https://rebike.com/_next/image?url=https%3A%2F%2Frebike-photo-nas.s3.eu-central-1.amazonaws.com%2Fpresentations%2F207395%2Fres%2F270%2F270_img_0001.jpg&w=1536&q=100",
      "https://rebike.com/_next/image?url=https%3A%2F%2Frebike-photo-nas.s3.eu-central-1.amazonaws.com%2Fpresentations%2F207395%2Fres%2F270%2F270_img_0002.jpg&w=1536&q=100",
      "https://rebike.com/_next/image?url=https%3A%2F%2Frebike-photo-nas.s3.eu-central-1.amazonaws.com%2Fpresentations%2F207395%2Fres%2F270%2F270_img_0003.jpg&w=1536&q=100",
      "https://rebike.com/_next/image?url=https%3A%2F%2Frebike-photo-nas.s3.eu-central-1.amazonaws.com%2Fpresentations%2F207395%2Fres%2F270%2F270_img_0004.jpg&w=1536&q=100",
      "https://rebike.com/_next/image?url=https%3A%2F%2Frebike-photo-nas.s3.eu-central-1.amazonaws.com%2Fpresentations%2F207395%2Fres%2F270%2F270_img_0005.jpg&w=1536&q=100"
    ],
    "description": "Corratec E-Corones Elite E-Gravelbike. Wir versenden alle unsere E-Bike vormontiert. Du musst lediglich deinen Lenker gerade stellen, Sitzhöhe an deine Körpergröße anpassen und die Pedale anschrauben. Passendes Werkzeug liegt natürlich dabei.",
    "specifications": {
      "Artikel-Nr": "207395",
      "Akku": "Fazua Energy",
      "Akku Kapazität": "250 Wh",
      "Akku Position": "Intube Akku",
      "Bremse hinten": "Shimano R8020 160mm",
      "Bremse vorne": "Shimano R8020 160mm"
    },
    "originalBasePriceEur": 4799,
    "currentBasePriceEur": 2699,
    "priceRub": "2699 €",
    "originalPriceRub": "4799 €",
    "originalPriceEur": "4.799 €",
    "currentPriceEur": "2.699 €",
    "discountPercent": 44,
    "id": "207395"
  },
  {
    "title": "Coboc Torino E-Gravelbike",
    "currentPrice": "2.799 €",
    "originalPrice": "5.336 €",
    "url": "https://rebike.com/de/coboc-torino-e-gravelbike-267035?number=267035",
    "imageUrl": "https://rebike.com/_next/image?url=https%3A%2F%2Frebike-photo-nas.s3.eu-central-1.amazonaws.com%2Fpresentations%2F267035%2Fres%2F840%2F840_img_0001.jpg&w=1536&q=100",
    "category": "gravel",
    "parsedAt": "2025-08-15T01:24:06.603Z",
    "images": [
      "https://rebike.com/_next/image?url=https%3A%2F%2Frebike-photo-nas.s3.eu-central-1.amazonaws.com%2Fpresentations%2F267035%2Fres%2F1284%2F1284_img_0001.jpg&w=1536&q=100",
      "https://rebike.com/_next/image?url=https%3A%2F%2Frebike-photo-nas.s3.eu-central-1.amazonaws.com%2Fpresentations%2F267035%2Fres%2F1284%2F1284_img_0002.jpg&w=1536&q=100",
      "https://rebike.com/_next/image?url=https%3A%2F%2Frebike-photo-nas.s3.eu-central-1.amazonaws.com%2Fpresentations%2F267035%2Fres%2F1284%2F1284_img_0003.jpg&w=1536&q=100",
      "https://rebike.com/_next/image?url=https%3A%2F%2Frebike-photo-nas.s3.eu-central-1.amazonaws.com%2Fpresentations%2F267035%2Fres%2F270%2F270_img_0001.jpg&w=1536&q=100",
      "https://rebike.com/_next/image?url=https%3A%2F%2Frebike-photo-nas.s3.eu-central-1.amazonaws.com%2Fpresentations%2F267035%2Fres%2F270%2F270_img_0002.jpg&w=1536&q=100",
      "https://rebike.com/_next/image?url=https%3A%2F%2Frebike-photo-nas.s3.eu-central-1.amazonaws.com%2Fpresentations%2F267035%2Fres%2F270%2F270_img_0003.jpg&w=1536&q=100",
      "https://rebike.com/_next/image?url=https%3A%2F%2Frebike-photo-nas.s3.eu-central-1.amazonaws.com%2Fpresentations%2F267035%2Fres%2F270%2F270_img_0004.jpg&w=1536&q=100",
      "https://rebike.com/_next/image?url=https%3A%2F%2Frebike-photo-nas.s3.eu-central-1.amazonaws.com%2Fpresentations%2F267035%2Fres%2F270%2F270_img_0005.jpg&w=1536&q=100"
    ],
    "description": "Coboc Torino E-Gravelbike. Wir versenden alle unsere E-Bike vormontiert. Du musst lediglich deinen Lenker gerade stellen, Sitzhöhe an deine Körpergröße anpassen und die Pedale anschrauben. Passendes Werkzeug liegt natürlich dabei.",
    "specifications": {
      "Artikel-Nr": "267035",
      "Akku": "Vollintegrierter Akku",
      "Akku Kapazität": "360 Wh",
      "Akku Position": "Intube Akku",
      "Bremse hinten": "SRAM",
      "Bremse vorne": "SRAM"
    },
    "originalBasePriceEur": 5336,
    "currentBasePriceEur": 2799,
    "priceRub": "2799 €",
    "originalPriceRub": "5336 €",
    "originalPriceEur": "5.336 €",
    "currentPriceEur": "2.799 €",
    "discountPercent": 48,
    "id": "267035"
  },
  {
    "title": "Rose REVEAL PLUS 105 E-Gravelbike Carbon 2023",
    "currentPrice": "2.889 €",
    "originalPrice": "4.288 €",
    "url": "https://rebike.com/de/rose-reveal-plus-105-e-gravelbike-carbon-2023-267325?number=267325",
    "imageUrl": "https://rebike.com/_next/image?url=https%3A%2F%2Frebike-photo-nas.s3.eu-central-1.amazonaws.com%2Fpresentations%2F267325%2Fres%2F840%2F840_img_0001.jpg&w=1536&q=100",
    "category": "gravel",
    "parsedAt": "2025-08-15T01:24:06.603Z",
    "images": [
      "https://rebike.com/_next/image?url=https%3A%2F%2Frebike-photo-nas.s3.eu-central-1.amazonaws.com%2Fpresentations%2F267325%2Fres%2F1284%2F1284_img_0001.jpg&w=1536&q=100",
      "https://rebike.com/_next/image?url=https%3A%2F%2Frebike-photo-nas.s3.eu-central-1.amazonaws.com%2Fpresentations%2F267325%2Fres%2F1284%2F1284_img_0002.jpg&w=1536&q=100",
      "https://rebike.com/_next/image?url=https%3A%2F%2Frebike-photo-nas.s3.eu-central-1.amazonaws.com%2Fpresentations%2F267325%2Fres%2F1284%2F1284_img_0003.jpg&w=1536&q=100",
      "https://rebike.com/_next/image?url=https%3A%2F%2Frebike-photo-nas.s3.eu-central-1.amazonaws.com%2Fpresentations%2F267325%2Fres%2F270%2F270_img_0001.jpg&w=1536&q=100",
      "https://rebike.com/_next/image?url=https%3A%2F%2Frebike-photo-nas.s3.eu-central-1.amazonaws.com%2Fpresentations%2F267325%2Fres%2F270%2F270_img_0002.jpg&w=1536&q=100",
      "https://rebike.com/_next/image?url=https%3A%2F%2Frebike-photo-nas.s3.eu-central-1.amazonaws.com%2Fpresentations%2F267325%2Fres%2F270%2F270_img_0003.jpg&w=1536&q=100",
      "https://rebike.com/_next/image?url=https%3A%2F%2Frebike-photo-nas.s3.eu-central-1.amazonaws.com%2Fpresentations%2F267325%2Fres%2F270%2F270_img_0004.jpg&w=1536&q=100",
      "https://rebike.com/_next/image?url=https%3A%2F%2Frebike-photo-nas.s3.eu-central-1.amazonaws.com%2Fpresentations%2F267325%2Fres%2F270%2F270_img_0005.jpg&w=1536&q=100"
    ],
    "description": "Rose REVEAL PLUS 105 E-Gravelbike Carbon 2023. Wir versenden alle unsere E-Bike vormontiert. Du musst lediglich deinen Lenker gerade stellen, Sitzhöhe an deine Körpergröße anpassen und die Pedale anschrauben. Passendes Werkzeug liegt natürlich dabei.",
    "specifications": {
      "Artikel-Nr": "267325",
      "Akku": "Mahle Intube",
      "Akku Kapazität": "250 Wh",
      "Akku Position": "Intube Akku",
      "Bremse hinten": "Shimano BR-R7070",
      "Bremse vorne": "Shimano BR-R7070"
    },
    "originalBasePriceEur": 4288,
    "currentBasePriceEur": 2889,
    "priceRub": "2889 €",
    "originalPriceRub": "4288 €",
    "originalPriceEur": "4.288 €",
    "currentPriceEur": "2.889 €",
    "discountPercent": 33,
    "id": "267325"
  },
  {
    "title": "Cannondale SuperSix EVO Neo 3 E-Gravelbike",
    "currentPrice": "2.899 €",
    "originalPrice": "4.869 €",
    "url": "https://rebike.com/de/cannondale-supersix-evo-neo-3-e-gravelbike-275149?number=275149",
    "imageUrl": "https://rebike.com/_next/image?url=https%3A%2F%2Frebike-photo-nas.s3.eu-central-1.amazonaws.com%2Fpresentations%2F275149%2Fres%2F840%2F840_img_0001.jpg&w=1536&q=100",
    "category": "gravel",
    "parsedAt": "2025-08-15T01:24:06.603Z",
    "images": [
      "https://rebike.com/_next/image?url=https%3A%2F%2Frebike-photo-nas.s3.eu-central-1.amazonaws.com%2Fpresentations%2F275149%2Fres%2F1284%2F1284_img_0001.jpg&w=1536&q=100",
      "https://rebike.com/_next/image?url=https%3A%2F%2Frebike-photo-nas.s3.eu-central-1.amazonaws.com%2Fpresentations%2F275149%2Fres%2F1284%2F1284_img_0002.jpg&w=1536&q=100",
      "https://rebike.com/_next/image?url=https%3A%2F%2Frebike-photo-nas.s3.eu-central-1.amazonaws.com%2Fpresentations%2F275149%2Fres%2F1284%2F1284_img_0003.jpg&w=1536&q=100",
      "https://rebike.com/_next/image?url=https%3A%2F%2Frebike-photo-nas.s3.eu-central-1.amazonaws.com%2Fpresentations%2F275149%2Fres%2F270%2F270_img_0001.jpg&w=1536&q=100",
      "https://rebike.com/_next/image?url=https%3A%2F%2Frebike-photo-nas.s3.eu-central-1.amazonaws.com%2Fpresentations%2F275149%2Fres%2F270%2F270_img_0002.jpg&w=1536&q=100",
      "https://rebike.com/_next/image?url=https%3A%2F%2Frebike-photo-nas.s3.eu-central-1.amazonaws.com%2Fpresentations%2F275149%2Fres%2F270%2F270_img_0003.jpg&w=1536&q=100",
      "https://rebike.com/_next/image?url=https%3A%2F%2Frebike-photo-nas.s3.eu-central-1.amazonaws.com%2Fpresentations%2F275149%2Fres%2F270%2F270_img_0004.jpg&w=1536&q=100",
      "https://rebike.com/_next/image?url=https%3A%2F%2Frebike-photo-nas.s3.eu-central-1.amazonaws.com%2Fpresentations%2F275149%2Fres%2F270%2F270_img_0005.jpg&w=1536&q=100"
    ],
    "description": "Cannondale SuperSix EVO Neo 3 E-Gravelbike. Wir versenden alle unsere E-Bike vormontiert. Du musst lediglich deinen Lenker gerade stellen, Sitzhöhe an deine Körpergröße anpassen und die Pedale anschrauben. Passendes Werkzeug liegt natürlich dabei.",
    "specifications": {
      "Artikel-Nr": "275149",
      "Akku": "Mahle X35",
      "Akku Kapazität": "250 Wh",
      "Akku Position": "Intube Akku",
      "Bremse hinten": "Shimano 105",
      "Bremse vorne": "Shimano 105"
    },
    "originalBasePriceEur": 4869,
    "currentBasePriceEur": 2899,
    "priceRub": "2899 €",
    "originalPriceRub": "4869 €",
    "originalPriceEur": "4.869 €",
    "currentPriceEur": "2.899 €",
    "discountPercent": 40,
    "id": "275149"
  },
  {
    "title": "Giant Revolt E+ Pro XR E-Gravelbike 2022",
    "currentPrice": "3.089 €",
    "originalPrice": "5.329 €",
    "url": "https://rebike.com/de/giant-revolt-e-pro-xr-e-gravelbike-2022-269914?number=269914",
    "imageUrl": "https://rebike.com/_next/image?url=https%3A%2F%2Frebike-photo-nas.s3.eu-central-1.amazonaws.com%2Fpresentations%2F269914%2Fres%2F840%2F840_img_0001.jpg&w=1536&q=100",
    "category": "gravel",
    "parsedAt": "2025-08-15T01:24:06.603Z",
    "images": [
      "https://rebike.com/_next/image?url=https%3A%2F%2Frebike-photo-nas.s3.eu-central-1.amazonaws.com%2Fpresentations%2F269914%2Fres%2F1284%2F1284_img_0001.jpg&w=1536&q=100",
      "https://rebike.com/_next/image?url=https%3A%2F%2Frebike-photo-nas.s3.eu-central-1.amazonaws.com%2Fpresentations%2F269914%2Fres%2F1284%2F1284_img_0002.jpg&w=1536&q=100",
      "https://rebike.com/_next/image?url=https%3A%2F%2Frebike-photo-nas.s3.eu-central-1.amazonaws.com%2Fpresentations%2F269914%2Fres%2F1284%2F1284_img_0003.jpg&w=1536&q=100",
      "https://rebike.com/_next/image?url=https%3A%2F%2Frebike-photo-nas.s3.eu-central-1.amazonaws.com%2Fpresentations%2F269914%2Fres%2F270%2F270_img_0001.jpg&w=1536&q=100",
      "https://rebike.com/_next/image?url=https%3A%2F%2Frebike-photo-nas.s3.eu-central-1.amazonaws.com%2Fpresentations%2F269914%2Fres%2F270%2F270_img_0002.jpg&w=1536&q=100",
      "https://rebike.com/_next/image?url=https%3A%2F%2Frebike-photo-nas.s3.eu-central-1.amazonaws.com%2Fpresentations%2F269914%2Fres%2F270%2F270_img_0003.jpg&w=1536&q=100",
      "https://rebike.com/_next/image?url=https%3A%2F%2Frebike-photo-nas.s3.eu-central-1.amazonaws.com%2Fpresentations%2F269914%2Fres%2F270%2F270_img_0004.jpg&w=1536&q=100",
      "https://rebike.com/_next/image?url=https%3A%2F%2Frebike-photo-nas.s3.eu-central-1.amazonaws.com%2Fpresentations%2F269914%2Fres%2F270%2F270_img_0005.jpg&w=1536&q=100"
    ],
    "description": "Giant Revolt E+ Pro XR E-Gravelbike 2022. Wir versenden alle unsere E-Bike vormontiert. Du musst lediglich deinen Lenker gerade stellen, Sitzhöhe an deine Körpergröße anpassen und die Pedale anschrauben. Passendes Werkzeug liegt natürlich dabei.",
    "specifications": {
      "Artikel-Nr": "269914",
      "Akku": "EnergyPak Smart Compact",
      "Akku Kapazität": "500 Wh",
      "Akku Position": "Intube Akku",
      "Bremse hinten": "Shimano GRX RX810",
      "Bremse vorne": "Shimano GRX RX810"
    },
    "originalBasePriceEur": 5329,
    "currentBasePriceEur": 3089,
    "priceRub": "3089 €",
    "originalPriceRub": "5329 €",
    "originalPriceEur": "5.329 €",
    "currentPriceEur": "3.089 €",
    "discountPercent": 42,
    "id": "269914"
  },
  {
    "title": "Specialized Creo SL Comp Carbon E-Gravelbike Carbon",
    "currentPrice": "3.139 €",
    "originalPrice": "5.509 €",
    "url": "https://rebike.com/de/specialized-creo-sl-comp-carbon-e-gravelbike-carbon-274330?number=274330",
    "imageUrl": "https://rebike.com/_next/image?url=https%3A%2F%2Frebike-photo-nas.s3.eu-central-1.amazonaws.com%2Fpresentations%2F274330%2Fres%2F840%2F840_img_0001.jpg&w=1536&q=100",
    "category": "gravel",
    "parsedAt": "2025-08-15T01:24:06.603Z",
    "images": [
      "https://rebike.com/_next/image?url=https%3A%2F%2Frebike-photo-nas.s3.eu-central-1.amazonaws.com%2Fpresentations%2F274330%2Fres%2F1284%2F1284_img_0001.jpg&w=1536&q=100",
      "https://rebike.com/_next/image?url=https%3A%2F%2Frebike-photo-nas.s3.eu-central-1.amazonaws.com%2Fpresentations%2F274330%2Fres%2F1284%2F1284_img_0002.jpg&w=1536&q=100",
      "https://rebike.com/_next/image?url=https%3A%2F%2Frebike-photo-nas.s3.eu-central-1.amazonaws.com%2Fpresentations%2F274330%2Fres%2F1284%2F1284_img_0003.jpg&w=1536&q=100",
      "https://rebike.com/_next/image?url=https%3A%2F%2Frebike-photo-nas.s3.eu-central-1.amazonaws.com%2Fpresentations%2F274330%2Fres%2F270%2F270_img_0001.jpg&w=1536&q=100",
      "https://rebike.com/_next/image?url=https%3A%2F%2Frebike-photo-nas.s3.eu-central-1.amazonaws.com%2Fpresentations%2F274330%2Fres%2F270%2F270_img_0002.jpg&w=1536&q=100",
      "https://rebike.com/_next/image?url=https%3A%2F%2Frebike-photo-nas.s3.eu-central-1.amazonaws.com%2Fpresentations%2F274330%2Fres%2F270%2F270_img_0003.jpg&w=1536&q=100",
      "https://rebike.com/_next/image?url=https%3A%2F%2Frebike-photo-nas.s3.eu-central-1.amazonaws.com%2Fpresentations%2F274330%2Fres%2F270%2F270_img_0004.jpg&w=1536&q=100",
      "https://rebike.com/_next/image?url=https%3A%2F%2Frebike-photo-nas.s3.eu-central-1.amazonaws.com%2Fpresentations%2F274330%2Fres%2F270%2F270_img_0005.jpg&w=1536&q=100"
    ],
    "description": "Specialized Creo SL Comp Carbon E-Gravelbike Carbon. Wir versenden alle unsere E-Bike vormontiert. Du musst lediglich deinen Lenker gerade stellen, Sitzhöhe an deine Körpergröße anpassen und die Pedale anschrauben. Passendes Werkzeug liegt natürlich dabei.",
    "specifications": {
      "Artikel-Nr": "274330",
      "Akku": "Specialized SL1",
      "Akku Kapazität": "320 Wh",
      "Akku Position": "Intube Akku",
      "Bremse hinten": "Shimano GRX RX810",
      "Bremse vorne": "Shimano GRX RX810"
    },
    "originalBasePriceEur": 5509,
    "currentBasePriceEur": 3139,
    "priceRub": "3139 €",
    "originalPriceRub": "5509 €",
    "originalPriceEur": "5.509 €",
    "currentPriceEur": "3.139 €",
    "discountPercent": 43,
    "id": "274330"
  },
  {
    "title": "Cyklaer Gravel E-Gravelbike",
    "currentPrice": "3.399 €",
    "originalPrice": "6.999 €",
    "url": "https://rebike.com/de/cyklaer-gravel-e-gravelbike-273190?number=273190",
    "imageUrl": "https://rebike.com/_next/image?url=https%3A%2F%2Frebike-photo-nas.s3.eu-central-1.amazonaws.com%2Fpresentations%2F273190%2Fres%2F840%2F840_img_0001.jpg&w=1536&q=100",
    "category": "gravel",
    "parsedAt": "2025-08-15T01:24:06.603Z",
    "images": [
      "https://rebike.com/_next/image?url=https%3A%2F%2Frebike-photo-nas.s3.eu-central-1.amazonaws.com%2Fpresentations%2F273190%2Fres%2F1284%2F1284_img_0001.jpg&w=1536&q=100",
      "https://rebike.com/_next/image?url=https%3A%2F%2Frebike-photo-nas.s3.eu-central-1.amazonaws.com%2Fpresentations%2F273190%2Fres%2F1284%2F1284_img_0002.jpg&w=1536&q=100",
      "https://rebike.com/_next/image?url=https%3A%2F%2Frebike-photo-nas.s3.eu-central-1.amazonaws.com%2Fpresentations%2F273190%2Fres%2F1284%2F1284_img_0003.jpg&w=1536&q=100",
      "https://rebike.com/_next/image?url=https%3A%2F%2Frebike-photo-nas.s3.eu-central-1.amazonaws.com%2Fpresentations%2F273190%2Fres%2F270%2F270_img_0001.jpg&w=1536&q=100",
      "https://rebike.com/_next/image?url=https%3A%2F%2Frebike-photo-nas.s3.eu-central-1.amazonaws.com%2Fpresentations%2F273190%2Fres%2F270%2F270_img_0002.jpg&w=1536&q=100",
      "https://rebike.com/_next/image?url=https%3A%2F%2Frebike-photo-nas.s3.eu-central-1.amazonaws.com%2Fpresentations%2F273190%2Fres%2F270%2F270_img_0003.jpg&w=1536&q=100",
      "https://rebike.com/_next/image?url=https%3A%2F%2Frebike-photo-nas.s3.eu-central-1.amazonaws.com%2Fpresentations%2F273190%2Fres%2F270%2F270_img_0004.jpg&w=1536&q=100",
      "https://rebike.com/_next/image?url=https%3A%2F%2Frebike-photo-nas.s3.eu-central-1.amazonaws.com%2Fpresentations%2F273190%2Fres%2F270%2F270_img_0005.jpg&w=1536&q=100"
    ],
    "description": "Cyklaer Gravel E-Gravelbike. Wir versenden alle unsere E-Bike vormontiert. Du musst lediglich deinen Lenker gerade stellen, Sitzhöhe an deine Körpergröße anpassen und die Pedale anschrauben. Passendes Werkzeug liegt natürlich dabei.",
    "specifications": {
      "Artikel-Nr": "273190",
      "Akku": "Fazua Energy",
      "Akku Kapazität": "252 Wh",
      "Akku Position": "Intube Akku",
      "Bremse hinten": "SRAM Force",
      "Bremse vorne": "SRAM Force"
    },
    "originalBasePriceEur": 6999,
    "currentBasePriceEur": 3399,
    "priceRub": "3399 €",
    "originalPriceRub": "6999 €",
    "originalPriceEur": "6.999 €",
    "currentPriceEur": "3.399 €",
    "discountPercent": 51,
    "id": "273190"
  },
  {
    "title": "Orbea Gain M30i E-Gravelbike 2023",
    "currentPrice": "4.089 €",
    "originalPrice": "6.299 €",
    "url": "https://rebike.com/de/orbea-gain-m30i-e-gravelbike-2023-268743?number=268742",
    "imageUrl": "https://rebike.com/_next/image?url=https%3A%2F%2Frebike-photo-nas.s3.eu-central-1.amazonaws.com%2Fpresentations%2F268742%2Fres%2F840%2F840_img_0001.jpg&w=1536&q=100",
    "category": "gravel",
    "parsedAt": "2025-08-15T01:24:06.603Z",
    "images": [
      "https://rebike.com/_next/image?url=https%3A%2F%2Frebike-photo-nas.s3.eu-central-1.amazonaws.com%2Fpresentations%2F268742%2Fres%2F1284%2F1284_img_0001.jpg&w=1536&q=100",
      "https://rebike.com/_next/image?url=https%3A%2F%2Frebike-photo-nas.s3.eu-central-1.amazonaws.com%2Fpresentations%2F268742%2Fres%2F1284%2F1284_img_0002.jpg&w=1536&q=100",
      "https://rebike.com/_next/image?url=https%3A%2F%2Frebike-photo-nas.s3.eu-central-1.amazonaws.com%2Fpresentations%2F268742%2Fres%2F1284%2F1284_img_0003.jpg&w=1536&q=100",
      "https://rebike.com/_next/image?url=https%3A%2F%2Frebike-photo-nas.s3.eu-central-1.amazonaws.com%2Fpresentations%2F268742%2Fres%2F270%2F270_img_0001.jpg&w=1536&q=100",
      "https://rebike.com/_next/image?url=https%3A%2F%2Frebike-photo-nas.s3.eu-central-1.amazonaws.com%2Fpresentations%2F268742%2Fres%2F270%2F270_img_0002.jpg&w=1536&q=100",
      "https://rebike.com/_next/image?url=https%3A%2F%2Frebike-photo-nas.s3.eu-central-1.amazonaws.com%2Fpresentations%2F268742%2Fres%2F270%2F270_img_0003.jpg&w=1536&q=100",
      "https://rebike.com/_next/image?url=https%3A%2F%2Frebike-photo-nas.s3.eu-central-1.amazonaws.com%2Fpresentations%2F268742%2Fres%2F270%2F270_img_0004.jpg&w=1536&q=100",
      "https://rebike.com/_next/image?url=https%3A%2F%2Frebike-photo-nas.s3.eu-central-1.amazonaws.com%2Fpresentations%2F268742%2Fres%2F270%2F270_img_0005.jpg&w=1536&q=100"
    ],
    "description": "Orbea Gain M30i E-Gravelbike 2023. Wir versenden alle unsere E-Bike vormontiert. Du musst lediglich deinen Lenker gerade stellen, Sitzhöhe an deine Körpergröße anpassen und die Pedale anschrauben. Passendes Werkzeug liegt natürlich dabei.",
    "specifications": {
      "Artikel-Nr": "268742",
      "Akku": "Mahle X20",
      "Akku Kapazität": "353 Wh",
      "Akku Position": "Intube Akku",
      "Display": "Ebikemotion Pulsar One monochrome ANT+ LEV",
      "Einstieg": "Hoch"
    },
    "originalBasePriceEur": 6299,
    "currentBasePriceEur": 4089,
    "priceRub": "4089 €",
    "originalPriceRub": "6299 €",
    "originalPriceEur": "6.299 €",
    "currentPriceEur": "4.089 €",
    "discountPercent": 35,
    "id": "268742"
  }
]