[
  {
    "title": "Orbea Vibe Mid H30 EQ E-Bike",
    "currentPrice": "1.279 €",
    "originalPrice": "2.799 €",
    "url": "https://rebike.com/de/orbea-vibe-mide-h30-eq-e-bike-dark-red-2021?number=223690",
    "imageUrl": "https://rebike.com/_next/image?url=https%3A%2F%2Frebike-photo-nas.s3.eu-central-1.amazonaws.com%2Fpresentations%2F223690%2Fres%2F840%2F840_img_0001.jpg&w=1536&q=100",
    "category": "urban",
    "parsedAt": "2025-08-14T19:41:54.107Z",
    "images": [
      "https://rebike.com/_next/image?url=https%3A%2F%2Frebike-photo-nas.s3.eu-central-1.amazonaws.com%2Fpresentations%2F223690%2Fres%2F1284%2F1284_img_0001.jpg&w=1536&q=100",
      "https://rebike.com/_next/image?url=https%3A%2F%2Frebike-photo-nas.s3.eu-central-1.amazonaws.com%2Fpresentations%2F223690%2Fres%2F1284%2F1284_img_0002.jpg&w=1536&q=100",
      "https://rebike.com/_next/image?url=https%3A%2F%2Frebike-photo-nas.s3.eu-central-1.amazonaws.com%2Fpresentations%2F223690%2Fres%2F1284%2F1284_img_0003.jpg&w=1536&q=100",
      "https://rebike.com/_next/image?url=https%3A%2F%2Frebike-photo-nas.s3.eu-central-1.amazonaws.com%2Fpresentations%2F223690%2Fres%2F270%2F270_img_0001.jpg&w=1536&q=100",
      "https://rebike.com/_next/image?url=https%3A%2F%2Frebike-photo-nas.s3.eu-central-1.amazonaws.com%2Fpresentations%2F223690%2Fres%2F270%2F270_img_0002.jpg&w=1536&q=100",
      "https://rebike.com/_next/image?url=https%3A%2F%2Frebike-photo-nas.s3.eu-central-1.amazonaws.com%2Fpresentations%2F223690%2Fres%2F270%2F270_img_0003.jpg&w=1536&q=100",
      "https://rebike.com/_next/image?url=https%3A%2F%2Frebike-photo-nas.s3.eu-central-1.amazonaws.com%2Fpresentations%2F223690%2Fres%2F270%2F270_img_0004.jpg&w=1536&q=100",
      "https://rebike.com/_next/image?url=https%3A%2F%2Frebike-photo-nas.s3.eu-central-1.amazonaws.com%2Fpresentations%2F223690%2Fres%2F270%2F270_img_0005.jpg&w=1536&q=100"
    ],
    "description": "Orbea Vibe Mid H30 EQ E-Bike. Wir versenden alle unsere E-Bike vormontiert. Du musst lediglich deinen Lenker gerade stellen, Sitzhöhe an deine Körpergröße anpassen und die Pedale anschrauben. Passendes Werkzeug liegt natürlich dabei.",
    "specifications": {
      "Artikel-Nr": "223690",
      "Akku": "Mahle X35+",
      "Akku Kapazität": "248 Wh",
      "Akku Position": "Intube Akku",
      "Bremse hinten": "Magura MT30 Hydraulic Disc Easy Route Connection",
      "Bremse vorne": "Magura MT30 Hydraulic Disc Easy Route Connection"
    },
    "originalBasePriceEur": 2799,
    "currentBasePriceEur": 1279,
    "priceRub": "1279 €",
    "originalPriceRub": "2799 €",
    "originalPriceEur": "2.799 €",
    "currentPriceEur": "1.279 €",
    "discountPercent": 54,
    "id": "223690"
  },
  {
    "title": "Orbea VIBE H30 Trekking E-Bike 2023",
    "currentPrice": "1.659 €",
    "originalPrice": "2.799 €",
    "url": "https://rebike.com/de/orbea-vibe-h30-e-bike-2023-urban-green?number=227334",
    "imageUrl": "https://rebike.com/_next/image?url=https%3A%2F%2Frebike-photo-nas.s3.eu-central-1.amazonaws.com%2Fpresentations%2F227334%2Fres%2F840%2F840_img_0001.jpg&w=1536&q=100",
    "category": "urban",
    "parsedAt": "2025-08-14T19:41:54.107Z",
    "images": [
      "https://rebike.com/_next/image?url=https%3A%2F%2Frebike-photo-nas.s3.eu-central-1.amazonaws.com%2Fpresentations%2F227334%2Fres%2F1284%2F1284_img_0001.jpg&w=1536&q=100",
      "https://rebike.com/_next/image?url=https%3A%2F%2Frebike-photo-nas.s3.eu-central-1.amazonaws.com%2Fpresentations%2F227334%2Fres%2F1284%2F1284_img_0002.jpg&w=1536&q=100",
      "https://rebike.com/_next/image?url=https%3A%2F%2Frebike-photo-nas.s3.eu-central-1.amazonaws.com%2Fpresentations%2F227334%2Fres%2F1284%2F1284_img_0003.jpg&w=1536&q=100",
      "https://rebike.com/_next/image?url=https%3A%2F%2Frebike-photo-nas.s3.eu-central-1.amazonaws.com%2Fpresentations%2F227334%2Fres%2F270%2F270_img_0001.jpg&w=1536&q=100",
      "https://rebike.com/_next/image?url=https%3A%2F%2Frebike-photo-nas.s3.eu-central-1.amazonaws.com%2Fpresentations%2F227334%2Fres%2F270%2F270_img_0002.jpg&w=1536&q=100",
      "https://rebike.com/_next/image?url=https%3A%2F%2Frebike-photo-nas.s3.eu-central-1.amazonaws.com%2Fpresentations%2F227334%2Fres%2F270%2F270_img_0003.jpg&w=1536&q=100",
      "https://rebike.com/_next/image?url=https%3A%2F%2Frebike-photo-nas.s3.eu-central-1.amazonaws.com%2Fpresentations%2F227334%2Fres%2F270%2F270_img_0004.jpg&w=1536&q=100",
      "https://rebike.com/_next/image?url=https%3A%2F%2Frebike-photo-nas.s3.eu-central-1.amazonaws.com%2Fpresentations%2F227334%2Fres%2F270%2F270_img_0005.jpg&w=1536&q=100"
    ],
    "description": "Orbea VIBE H30 Trekking E-Bike 2023. Wir versenden alle unsere E-Bike vormontiert. Du musst lediglich deinen Lenker gerade stellen, Sitzhöhe an deine Körpergröße anpassen und die Pedale anschrauben. Passendes Werkzeug liegt natürlich dabei.",
    "specifications": {
      "Artikel-Nr": "227334",
      "Akku": "Mahle 36V/6.9A 248Wh ANT+",
      "Akku Kapazität": "248 Wh",
      "Akku Position": "Intube Akku",
      "Bremse hinten": "Magura MT30",
      "Bremse vorne": "Magura MT30"
    },
    "originalBasePriceEur": 2799,
    "currentBasePriceEur": 1659,
    "priceRub": "1659 €",
    "originalPriceRub": "2799 €",
    "originalPriceEur": "2.799 €",
    "currentPriceEur": "1.659 €",
    "discountPercent": 41,
    "id": "227334"
  },
  {
    "title": "Victoria eUrban 11.9 E-Bike",
    "currentPrice": "1.699 €",
    "originalPrice": "3.744 €",
    "url": "https://rebike.com/de/victoria-e-urban-119-e-bike-2022-270199?number=270199",
    "imageUrl": "https://rebike.com/_next/image?url=https%3A%2F%2Frebike-photo-nas.s3.eu-central-1.amazonaws.com%2Fpresentations%2F270199%2Fres%2F840%2F840_img_0001.jpg&w=1536&q=100",
    "category": "urban",
    "parsedAt": "2025-08-14T19:41:54.107Z",
    "images": [
      "https://rebike.com/_next/image?url=https%3A%2F%2Frebike-photo-nas.s3.eu-central-1.amazonaws.com%2Fpresentations%2F270199%2Fres%2F1284%2F1284_img_0001.jpg&w=1536&q=100",
      "https://rebike.com/_next/image?url=https%3A%2F%2Frebike-photo-nas.s3.eu-central-1.amazonaws.com%2Fpresentations%2F270199%2Fres%2F1284%2F1284_img_0002.jpg&w=1536&q=100",
      "https://rebike.com/_next/image?url=https%3A%2F%2Frebike-photo-nas.s3.eu-central-1.amazonaws.com%2Fpresentations%2F270199%2Fres%2F1284%2F1284_img_0003.jpg&w=1536&q=100",
      "https://rebike.com/_next/image?url=https%3A%2F%2Frebike-photo-nas.s3.eu-central-1.amazonaws.com%2Fpresentations%2F270199%2Fres%2F270%2F270_img_0001.jpg&w=1536&q=100",
      "https://rebike.com/_next/image?url=https%3A%2F%2Frebike-photo-nas.s3.eu-central-1.amazonaws.com%2Fpresentations%2F270199%2Fres%2F270%2F270_img_0002.jpg&w=1536&q=100",
      "https://rebike.com/_next/image?url=https%3A%2F%2Frebike-photo-nas.s3.eu-central-1.amazonaws.com%2Fpresentations%2F270199%2Fres%2F270%2F270_img_0003.jpg&w=1536&q=100",
      "https://rebike.com/_next/image?url=https%3A%2F%2Frebike-photo-nas.s3.eu-central-1.amazonaws.com%2Fpresentations%2F270199%2Fres%2F270%2F270_img_0004.jpg&w=1536&q=100",
      "https://rebike.com/_next/image?url=https%3A%2F%2Frebike-photo-nas.s3.eu-central-1.amazonaws.com%2Fpresentations%2F270199%2Fres%2F270%2F270_img_0005.jpg&w=1536&q=100"
    ],
    "description": "Victoria eUrban 11.9 E-Bike. Wir versenden alle unsere E-Bike vormontiert. Du musst lediglich deinen Lenker gerade stellen, Sitzhöhe an deine Körpergröße anpassen und die Pedale anschrauben. Passendes Werkzeug liegt natürlich dabei.",
    "specifications": {
      "Artikel-Nr": "270199",
      "Akku": "Bosch PowerPack",
      "Akku Kapazität": "500 Wh",
      "Akku Position": "Rahmenakku",
      "Bremse hinten": "Shimano Alfine BR-S7000 (Hydraulic Disc, Hydraulic)",
      "Bremse vorne": "Shimano Alfine BR-S7000 (Hydraulic Disc, Hydraulic)"
    },
    "originalBasePriceEur": 3744,
    "currentBasePriceEur": 1699,
    "priceRub": "1699 €",
    "originalPriceRub": "3744 €",
    "originalPriceEur": "3.744 €",
    "currentPriceEur": "1.699 €",
    "discountPercent": 55,
    "id": "270199"
  },
  {
    "title": "Orbea Vibe Mid H30 EQ E-Bike",
    "currentPrice": "1.749 €",
    "originalPrice": "2.799 €",
    "url": "https://rebike.com/de/orbea-vibe-mide-h30-eq-e-bike-dark-red-2021?number=207500",
    "imageUrl": "https://rebike.com/_next/image?url=https%3A%2F%2Frebike-photo-nas.s3.eu-central-1.amazonaws.com%2Fpresentations%2F207500%2Fres%2F840%2F840_img_0001.jpg&w=1536&q=100",
    "category": "urban",
    "parsedAt": "2025-08-14T19:41:54.107Z",
    "images": [
      "https://rebike.com/_next/image?url=https%3A%2F%2Frebike-photo-nas.s3.eu-central-1.amazonaws.com%2Fpresentations%2F207500%2Fres%2F1284%2F1284_img_0001.jpg&w=1536&q=100",
      "https://rebike.com/_next/image?url=https%3A%2F%2Frebike-photo-nas.s3.eu-central-1.amazonaws.com%2Fpresentations%2F207500%2Fres%2F1284%2F1284_img_0002.jpg&w=1536&q=100",
      "https://rebike.com/_next/image?url=https%3A%2F%2Frebike-photo-nas.s3.eu-central-1.amazonaws.com%2Fpresentations%2F207500%2Fres%2F1284%2F1284_img_0003.jpg&w=1536&q=100",
      "https://rebike.com/_next/image?url=https%3A%2F%2Frebike-photo-nas.s3.eu-central-1.amazonaws.com%2Fpresentations%2F207500%2Fres%2F270%2F270_img_0001.jpg&w=1536&q=100",
      "https://rebike.com/_next/image?url=https%3A%2F%2Frebike-photo-nas.s3.eu-central-1.amazonaws.com%2Fpresentations%2F207500%2Fres%2F270%2F270_img_0002.jpg&w=1536&q=100",
      "https://rebike.com/_next/image?url=https%3A%2F%2Frebike-photo-nas.s3.eu-central-1.amazonaws.com%2Fpresentations%2F207500%2Fres%2F270%2F270_img_0003.jpg&w=1536&q=100",
      "https://rebike.com/_next/image?url=https%3A%2F%2Frebike-photo-nas.s3.eu-central-1.amazonaws.com%2Fpresentations%2F207500%2Fres%2F270%2F270_img_0004.jpg&w=1536&q=100",
      "https://rebike.com/_next/image?url=https%3A%2F%2Frebike-photo-nas.s3.eu-central-1.amazonaws.com%2Fpresentations%2F207500%2Fres%2F270%2F270_img_0005.jpg&w=1536&q=100"
    ],
    "description": "Orbea Vibe Mid H30 EQ E-Bike. Wir versenden alle unsere E-Bike vormontiert. Du musst lediglich deinen Lenker gerade stellen, Sitzhöhe an deine Körpergröße anpassen und die Pedale anschrauben. Passendes Werkzeug liegt natürlich dabei.",
    "specifications": {
      "Artikel-Nr": "207500",
      "Akku": "Mahle X35+",
      "Akku Kapazität": "248 Wh",
      "Akku Position": "Intube Akku",
      "Bremse hinten": "Magura MT30 Hydraulic Disc Easy Route Connection",
      "Bremse vorne": "Magura MT30 Hydraulic Disc Easy Route Connection"
    },
    "originalBasePriceEur": 2799,
    "currentBasePriceEur": 1749,
    "priceRub": "1749 €",
    "originalPriceRub": "2799 €",
    "originalPriceEur": "2.799 €",
    "currentPriceEur": "1.749 €",
    "discountPercent": 38,
    "id": "207500"
  },
  {
    "title": "Orbea Vibe Mid H30 EQ E-Bike",
    "currentPrice": "1.749 €",
    "originalPrice": "2.799 €",
    "url": "https://rebike.com/de/orbea-vibe-mid-h30-eq-e-bike-night-black-2021?number=209966",
    "imageUrl": "https://rebike.com/_next/image?url=https%3A%2F%2Frebike-photo-nas.s3.eu-central-1.amazonaws.com%2Fpresentations%2F209966%2Fres%2F840%2F840_img_0001.jpg&w=1536&q=100",
    "category": "urban",
    "parsedAt": "2025-08-14T19:41:54.107Z",
    "images": [
      "https://rebike.com/_next/image?url=https%3A%2F%2Frebike-photo-nas.s3.eu-central-1.amazonaws.com%2Fpresentations%2F209966%2Fres%2F1284%2F1284_img_0001.jpg&w=1536&q=100",
      "https://rebike.com/_next/image?url=https%3A%2F%2Frebike-photo-nas.s3.eu-central-1.amazonaws.com%2Fpresentations%2F209966%2Fres%2F1284%2F1284_img_0002.jpg&w=1536&q=100",
      "https://rebike.com/_next/image?url=https%3A%2F%2Frebike-photo-nas.s3.eu-central-1.amazonaws.com%2Fpresentations%2F209966%2Fres%2F1284%2F1284_img_0003.jpg&w=1536&q=100",
      "https://rebike.com/_next/image?url=https%3A%2F%2Frebike-photo-nas.s3.eu-central-1.amazonaws.com%2Fpresentations%2F209966%2Fres%2F270%2F270_img_0001.jpg&w=1536&q=100",
      "https://rebike.com/_next/image?url=https%3A%2F%2Frebike-photo-nas.s3.eu-central-1.amazonaws.com%2Fpresentations%2F209966%2Fres%2F270%2F270_img_0002.jpg&w=1536&q=100",
      "https://rebike.com/_next/image?url=https%3A%2F%2Frebike-photo-nas.s3.eu-central-1.amazonaws.com%2Fpresentations%2F209966%2Fres%2F270%2F270_img_0003.jpg&w=1536&q=100",
      "https://rebike.com/_next/image?url=https%3A%2F%2Frebike-photo-nas.s3.eu-central-1.amazonaws.com%2Fpresentations%2F209966%2Fres%2F270%2F270_img_0004.jpg&w=1536&q=100",
      "https://rebike.com/_next/image?url=https%3A%2F%2Frebike-photo-nas.s3.eu-central-1.amazonaws.com%2Fpresentations%2F209966%2Fres%2F270%2F270_img_0005.jpg&w=1536&q=100"
    ],
    "description": "Orbea Vibe Mid H30 EQ E-Bike. Wir versenden alle unsere E-Bike vormontiert. Du musst lediglich deinen Lenker gerade stellen, Sitzhöhe an deine Körpergröße anpassen und die Pedale anschrauben. Passendes Werkzeug liegt natürlich dabei.",
    "specifications": {
      "Artikel-Nr": "209966",
      "Akku": "Mahle Intube",
      "Akku Kapazität": "248 Wh",
      "Akku Position": "Intube Akku",
      "Bremse hinten": "Magura MT30 Hydraulic Disc Easy Route Connection",
      "Bremse vorne": "Magura MT30 Hydraulic Disc Easy Route Connection"
    },
    "originalBasePriceEur": 2799,
    "currentBasePriceEur": 1749,
    "priceRub": "1749 €",
    "originalPriceRub": "2799 €",
    "originalPriceEur": "2.799 €",
    "currentPriceEur": "1.749 €",
    "discountPercent": 38,
    "id": "209966"
  },
  {
    "title": "Orbea Vibe Mid H30 E-Bike",
    "currentPrice": "1.879 €",
    "originalPrice": "2.999 €",
    "url": "https://rebike.com/de/orbea-vibe-mid-h30-eq-e-bike-night-black-2022?number=223586",
    "imageUrl": "https://rebike.com/_next/image?url=https%3A%2F%2Frebike-photo-nas.s3.eu-central-1.amazonaws.com%2Fpresentations%2F223586%2Fres%2F840%2F840_img_0001.jpg&w=1536&q=100",
    "category": "urban",
    "parsedAt": "2025-08-14T19:41:54.107Z",
    "images": [
      "https://rebike.com/_next/image?url=https%3A%2F%2Frebike-photo-nas.s3.eu-central-1.amazonaws.com%2Fpresentations%2F223586%2Fres%2F1284%2F1284_img_0001.jpg&w=1536&q=100",
      "https://rebike.com/_next/image?url=https%3A%2F%2Frebike-photo-nas.s3.eu-central-1.amazonaws.com%2Fpresentations%2F223586%2Fres%2F1284%2F1284_img_0002.jpg&w=1536&q=100",
      "https://rebike.com/_next/image?url=https%3A%2F%2Frebike-photo-nas.s3.eu-central-1.amazonaws.com%2Fpresentations%2F223586%2Fres%2F1284%2F1284_img_0003.jpg&w=1536&q=100",
      "https://rebike.com/_next/image?url=https%3A%2F%2Frebike-photo-nas.s3.eu-central-1.amazonaws.com%2Fpresentations%2F223586%2Fres%2F270%2F270_img_0001.jpg&w=1536&q=100",
      "https://rebike.com/_next/image?url=https%3A%2F%2Frebike-photo-nas.s3.eu-central-1.amazonaws.com%2Fpresentations%2F223586%2Fres%2F270%2F270_img_0002.jpg&w=1536&q=100",
      "https://rebike.com/_next/image?url=https%3A%2F%2Frebike-photo-nas.s3.eu-central-1.amazonaws.com%2Fpresentations%2F223586%2Fres%2F270%2F270_img_0003.jpg&w=1536&q=100",
      "https://rebike.com/_next/image?url=https%3A%2F%2Frebike-photo-nas.s3.eu-central-1.amazonaws.com%2Fpresentations%2F223586%2Fres%2F270%2F270_img_0004.jpg&w=1536&q=100",
      "https://rebike.com/_next/image?url=https%3A%2F%2Frebike-photo-nas.s3.eu-central-1.amazonaws.com%2Fpresentations%2F223586%2Fres%2F270%2F270_img_0005.jpg&w=1536&q=100"
    ],
    "description": "Orbea Vibe Mid H30 E-Bike. Wir versenden alle unsere E-Bike vormontiert. Du musst lediglich deinen Lenker gerade stellen, Sitzhöhe an deine Körpergröße anpassen und die Pedale anschrauben. Passendes Werkzeug liegt natürlich dabei.",
    "specifications": {
      "Artikel-Nr": "223586",
      "Akku": "Mahle X35+",
      "Akku Kapazität": "248 Wh",
      "Akku Position": "Intube Akku",
      "Bremse hinten": "Magura MT30 Hydraulic Disc Easy Route Connection",
      "Bremse vorne": "Magura MT30 Hydraulic Disc Easy Route Connection"
    },
    "originalBasePriceEur": 2999,
    "currentBasePriceEur": 1879,
    "priceRub": "1879 €",
    "originalPriceRub": "2999 €",
    "originalPriceEur": "2.999 €",
    "currentPriceEur": "1.879 €",
    "discountPercent": 37,
    "id": "223586"
  },
  {
    "title": "Gazelle Miss Grace C7+ HMB E-Bike Tiefeinsteiger 2023",
    "currentPrice": "1.899 €",
    "originalPrice": "2.949 €",
    "url": "https://rebike.com/de/gazelle-miss-grace-c7-hmb-e-bike-2023?number=228575",
    "imageUrl": "https://rebike.com/_next/image?url=https%3A%2F%2Frebike-photo-nas.s3.eu-central-1.amazonaws.com%2Fpresentations%2F228575%2Fres%2F840%2F840_img_0001.jpg&w=1536&q=100",
    "category": "urban",
    "parsedAt": "2025-08-14T19:41:54.107Z",
    "images": [
      "https://rebike.com/_next/image?url=https%3A%2F%2Frebike-photo-nas.s3.eu-central-1.amazonaws.com%2Fpresentations%2F228575%2Fres%2F1284%2F1284_img_0001.jpg&w=1536&q=100",
      "https://rebike.com/_next/image?url=https%3A%2F%2Frebike-photo-nas.s3.eu-central-1.amazonaws.com%2Fpresentations%2F228575%2Fres%2F1284%2F1284_img_0002.jpg&w=1536&q=100",
      "https://rebike.com/_next/image?url=https%3A%2F%2Frebike-photo-nas.s3.eu-central-1.amazonaws.com%2Fpresentations%2F228575%2Fres%2F1284%2F1284_img_0003.jpg&w=1536&q=100",
      "https://rebike.com/_next/image?url=https%3A%2F%2Frebike-photo-nas.s3.eu-central-1.amazonaws.com%2Fpresentations%2F228575%2Fres%2F270%2F270_img_0001.jpg&w=1536&q=100",
      "https://rebike.com/_next/image?url=https%3A%2F%2Frebike-photo-nas.s3.eu-central-1.amazonaws.com%2Fpresentations%2F228575%2Fres%2F270%2F270_img_0002.jpg&w=1536&q=100",
      "https://rebike.com/_next/image?url=https%3A%2F%2Frebike-photo-nas.s3.eu-central-1.amazonaws.com%2Fpresentations%2F228575%2Fres%2F270%2F270_img_0003.jpg&w=1536&q=100",
      "https://rebike.com/_next/image?url=https%3A%2F%2Frebike-photo-nas.s3.eu-central-1.amazonaws.com%2Fpresentations%2F228575%2Fres%2F270%2F270_img_0004.jpg&w=1536&q=100",
      "https://rebike.com/_next/image?url=https%3A%2F%2Frebike-photo-nas.s3.eu-central-1.amazonaws.com%2Fpresentations%2F228575%2Fres%2F270%2F270_img_0005.jpg&w=1536&q=100"
    ],
    "description": "Gazelle Miss Grace C7+ HMB E-Bike Tiefeinsteiger 2023. Wir versenden alle unsere E-Bike vormontiert. Du musst lediglich deinen Lenker gerade stellen, Sitzhöhe an deine Körpergröße anpassen und die Pedale anschrauben. Passendes Werkzeug liegt natürlich dabei.",
    "specifications": {
      "Artikel-Nr": "228575",
      "Akku": "Li-Ion",
      "Akku Kapazität": "300 Wh",
      "Akku Position": "Gepäckträger Akku",
      "Bremse hinten": "Rücktrittbremse",
      "Bremshebel": "Magura HS11"
    },
    "originalBasePriceEur": 2949,
    "currentBasePriceEur": 1899,
    "priceRub": "1899 €",
    "originalPriceRub": "2949 €",
    "originalPriceEur": "2.949 €",
    "currentPriceEur": "1.899 €",
    "discountPercent": 36,
    "id": "228575"
  },
  {
    "title": "Orbea Vibe H10 E-Bike 2023",
    "currentPrice": "1.899 €",
    "originalPrice": "3.999 €",
    "url": "https://rebike.com/de/orbea-vibe-h10-eq-e-bike-herren-2023?number=236470",
    "imageUrl": "https://rebike.com/_next/image?url=https%3A%2F%2Frebike-photo-nas.s3.eu-central-1.amazonaws.com%2Fpresentations%2F236470%2Fres%2F840%2F840_img_0001.jpg&w=1536&q=100",
    "category": "urban",
    "parsedAt": "2025-08-14T19:41:54.107Z",
    "images": [
      "https://rebike.com/_next/image?url=https%3A%2F%2Frebike-photo-nas.s3.eu-central-1.amazonaws.com%2Fpresentations%2F236470%2Fres%2F1284%2F1284_img_0001.jpg&w=1536&q=100",
      "https://rebike.com/_next/image?url=https%3A%2F%2Frebike-photo-nas.s3.eu-central-1.amazonaws.com%2Fpresentations%2F236470%2Fres%2F1284%2F1284_img_0002.jpg&w=1536&q=100",
      "https://rebike.com/_next/image?url=https%3A%2F%2Frebike-photo-nas.s3.eu-central-1.amazonaws.com%2Fpresentations%2F236470%2Fres%2F1284%2F1284_img_0003.jpg&w=1536&q=100",
      "https://rebike.com/_next/image?url=https%3A%2F%2Frebike-photo-nas.s3.eu-central-1.amazonaws.com%2Fpresentations%2F236470%2Fres%2F270%2F270_img_0001.jpg&w=1536&q=100",
      "https://rebike.com/_next/image?url=https%3A%2F%2Frebike-photo-nas.s3.eu-central-1.amazonaws.com%2Fpresentations%2F236470%2Fres%2F270%2F270_img_0002.jpg&w=1536&q=100",
      "https://rebike.com/_next/image?url=https%3A%2F%2Frebike-photo-nas.s3.eu-central-1.amazonaws.com%2Fpresentations%2F236470%2Fres%2F270%2F270_img_0003.jpg&w=1536&q=100",
      "https://rebike.com/_next/image?url=https%3A%2F%2Frebike-photo-nas.s3.eu-central-1.amazonaws.com%2Fpresentations%2F236470%2Fres%2F270%2F270_img_0004.jpg&w=1536&q=100",
      "https://rebike.com/_next/image?url=https%3A%2F%2Frebike-photo-nas.s3.eu-central-1.amazonaws.com%2Fpresentations%2F236470%2Fres%2F270%2F270_img_0005.jpg&w=1536&q=100"
    ],
    "description": "Orbea Vibe H10 E-Bike 2023. Wir versenden alle unsere E-Bike vormontiert. Du musst lediglich deinen Lenker gerade stellen, Sitzhöhe an deine Körpergröße anpassen und die Pedale anschrauben. Passendes Werkzeug liegt natürlich dabei.",
    "specifications": {
      "Artikel-Nr": "236470",
      "Akku": "Mahle Intube",
      "Akku Kapazität": "248 Wh",
      "Akku Position": "Intube Akku",
      "Bremse hinten": "Magura MT5 E-STOP Hydraulic Disc Easy Route Connection",
      "Bremse vorne": "Magura MT5 E-STOP Hydraulic Disc Easy Route Connection"
    },
    "originalBasePriceEur": 3999,
    "currentBasePriceEur": 1899,
    "priceRub": "1899 €",
    "originalPriceRub": "3999 €",
    "originalPriceEur": "3.999 €",
    "currentPriceEur": "1.899 €",
    "discountPercent": 53,
    "id": "236470"
  },
  {
    "title": "Orbea VIBE MID H30 EQ E-Bike 2023",
    "currentPrice": "1.999 €",
    "originalPrice": "3.199 €",
    "url": "https://rebike.com/de/orbea-vibe-mid-h30-eq-e-bike-2023-red?number=228611",
    "imageUrl": "https://rebike.com/_next/image?url=https%3A%2F%2Frebike-photo-nas.s3.eu-central-1.amazonaws.com%2Fpresentations%2F2023ORB21153432D%2Fres%2F840%2F840_img_0001.jpg&w=1536&q=100",
    "category": "urban",
    "parsedAt": "2025-08-14T19:41:54.107Z",
    "images": [
      "https://rebike.com/_next/image?url=https%3A%2F%2Frebike-photo-nas.s3.eu-central-1.amazonaws.com%2Fpresentations%2F2023ORB21153432D%2Fres%2F1284%2F1284_img_0001.jpg&w=1536&q=100",
      "https://rebike.com/_next/image?url=https%3A%2F%2Frebike-photo-nas.s3.eu-central-1.amazonaws.com%2Fpresentations%2F2023ORB21153432D%2Fres%2F1284%2F1284_img_0002.jpg&w=1536&q=100",
      "https://rebike.com/_next/image?url=https%3A%2F%2Frebike-photo-nas.s3.eu-central-1.amazonaws.com%2Fpresentations%2F2023ORB21153432D%2Fres%2F1284%2F1284_img_0003.jpg&w=1536&q=100",
      "https://rebike.com/_next/image?url=https%3A%2F%2Frebike-photo-nas.s3.eu-central-1.amazonaws.com%2Fpresentations%2F2023ORB21153432D%2Fres%2F270%2F270_img_0001.jpg&w=1536&q=100",
      "https://rebike.com/_next/image?url=https%3A%2F%2Frebike-photo-nas.s3.eu-central-1.amazonaws.com%2Fpresentations%2F2023ORB21153432D%2Fres%2F270%2F270_img_0002.jpg&w=1536&q=100",
      "https://rebike.com/_next/image?url=https%3A%2F%2Frebike-photo-nas.s3.eu-central-1.amazonaws.com%2Fpresentations%2F2023ORB21153432D%2Fres%2F270%2F270_img_0003.jpg&w=1536&q=100",
      "https://rebike.com/_next/image?url=https%3A%2F%2Frebike-photo-nas.s3.eu-central-1.amazonaws.com%2Fpresentations%2F2023ORB21153432D%2Fres%2F270%2F270_img_0004.jpg&w=1536&q=100",
      "https://rebike.com/_next/image?url=https%3A%2F%2Frebike-photo-nas.s3.eu-central-1.amazonaws.com%2Fpresentations%2F2023ORB21153432D%2Fres%2F270%2F270_img_0005.jpg&w=1536&q=100"
    ],
    "description": "Orbea VIBE MID H30 EQ E-Bike 2023. Wir versenden alle unsere E-Bike vormontiert. Du musst lediglich deinen Lenker gerade stellen, Sitzhöhe an deine Körpergröße anpassen und die Pedale anschrauben. Passendes Werkzeug liegt natürlich dabei.",
    "specifications": {
      "Zustand": "fabrikneu",
      "Modelljahr": "2023",
      "Laufleistung Motor": "0 km",
      "Rahmenhöhe": "L",
      "Passende Körpergröße": "176-189cm"
    },
    "originalBasePriceEur": 3199,
    "currentBasePriceEur": 1999,
    "priceRub": "1999 €",
    "originalPriceRub": "3199 €",
    "originalPriceEur": "3.199 €",
    "currentPriceEur": "1.999 €",
    "discountPercent": 38,
    "id": "228611"
  },
  {
    "title": "Velo de Ville 6TY Urban Trekking E-Bike 2023",
    "currentPrice": "2.239 €",
    "originalPrice": "3.750 €",
    "url": "https://rebike.com/de/velo-de-ville-6ty-urban-e-bike-2023?number=235380",
    "imageUrl": "https://rebike.com/_next/image?url=https%3A%2F%2Frebike-photo-nas.s3.eu-central-1.amazonaws.com%2Fpresentations%2F2023VDV21134549D%2Fres%2F840%2F840_img_0001.jpg&w=1536&q=100",
    "category": "urban",
    "parsedAt": "2025-08-14T19:41:54.107Z",
    "images": [
      "https://rebike.com/_next/image?url=https%3A%2F%2Frebike-photo-nas.s3.eu-central-1.amazonaws.com%2Fpresentations%2F2023VDV21134549D%2Fres%2F1284%2F1284_img_0001.jpg&w=1536&q=100",
      "https://rebike.com/_next/image?url=https%3A%2F%2Frebike-photo-nas.s3.eu-central-1.amazonaws.com%2Fpresentations%2F2023VDV21134549D%2Fres%2F1284%2F1284_img_0002.jpg&w=1536&q=100",
      "https://rebike.com/_next/image?url=https%3A%2F%2Frebike-photo-nas.s3.eu-central-1.amazonaws.com%2Fpresentations%2F2023VDV21134549D%2Fres%2F1284%2F1284_img_0003.jpg&w=1536&q=100",
      "https://rebike.com/_next/image?url=https%3A%2F%2Frebike-photo-nas.s3.eu-central-1.amazonaws.com%2Fpresentations%2F2023VDV21134549D%2Fres%2F270%2F270_img_0001.jpg&w=1536&q=100",
      "https://rebike.com/_next/image?url=https%3A%2F%2Frebike-photo-nas.s3.eu-central-1.amazonaws.com%2Fpresentations%2F2023VDV21134549D%2Fres%2F270%2F270_img_0002.jpg&w=1536&q=100",
      "https://rebike.com/_next/image?url=https%3A%2F%2Frebike-photo-nas.s3.eu-central-1.amazonaws.com%2Fpresentations%2F2023VDV21134549D%2Fres%2F270%2F270_img_0003.jpg&w=1536&q=100",
      "https://rebike.com/_next/image?url=https%3A%2F%2Frebike-photo-nas.s3.eu-central-1.amazonaws.com%2Fpresentations%2F2023VDV21134549D%2Fres%2F270%2F270_img_0004.jpg&w=1536&q=100",
      "https://rebike.com/_next/image?url=https%3A%2F%2Frebike-photo-nas.s3.eu-central-1.amazonaws.com%2Fpresentations%2F2023VDV21134549D%2Fres%2F270%2F270_img_0005.jpg&w=1536&q=100"
    ],
    "description": "Velo de Ville 6TY Urban Trekking E-Bike 2023. Wir versenden alle unsere E-Bike vormontiert. Du musst lediglich deinen Lenker gerade stellen, Sitzhöhe an deine Körpergröße anpassen und die Pedale anschrauben. Passendes Werkzeug liegt natürlich dabei.",
    "specifications": {
      "Modelljahr": "2023",
      "Laufleistung Motor": "0 km",
      "Rahmenhöhe": "53 cm",
      "Passende Körpergröße": "171-183cm"
    },
    "originalBasePriceEur": 3750,
    "currentBasePriceEur": 2239,
    "priceRub": "2239 €",
    "originalPriceRub": "3750 €",
    "originalPriceEur": "3.750 €",
    "currentPriceEur": "2.239 €",
    "discountPercent": 40,
    "id": "235380"
  },
  {
    "title": "Velo de Ville 6TY Urban Trekking E-Bike 2023",
    "currentPrice": "2.269 €",
    "originalPrice": "3.750 €",
    "url": "https://rebike.com/de/velo-de-ville-6ty-urban-e-bike-2023?number=228756",
    "imageUrl": "https://rebike.com/_next/image?url=https%3A%2F%2Frebike-photo-nas.s3.eu-central-1.amazonaws.com%2Fpresentations%2F228756%2Fres%2F840%2F840_img_0001.jpg&w=1536&q=100",
    "category": "urban",
    "parsedAt": "2025-08-14T19:41:54.107Z",
    "images": [
      "https://rebike.com/_next/image?url=https%3A%2F%2Frebike-photo-nas.s3.eu-central-1.amazonaws.com%2Fpresentations%2F228756%2Fres%2F1284%2F1284_img_0001.jpg&w=1536&q=100",
      "https://rebike.com/_next/image?url=https%3A%2F%2Frebike-photo-nas.s3.eu-central-1.amazonaws.com%2Fpresentations%2F228756%2Fres%2F1284%2F1284_img_0002.jpg&w=1536&q=100",
      "https://rebike.com/_next/image?url=https%3A%2F%2Frebike-photo-nas.s3.eu-central-1.amazonaws.com%2Fpresentations%2F228756%2Fres%2F1284%2F1284_img_0003.jpg&w=1536&q=100",
      "https://rebike.com/_next/image?url=https%3A%2F%2Frebike-photo-nas.s3.eu-central-1.amazonaws.com%2Fpresentations%2F228756%2Fres%2F270%2F270_img_0001.jpg&w=1536&q=100",
      "https://rebike.com/_next/image?url=https%3A%2F%2Frebike-photo-nas.s3.eu-central-1.amazonaws.com%2Fpresentations%2F228756%2Fres%2F270%2F270_img_0002.jpg&w=1536&q=100",
      "https://rebike.com/_next/image?url=https%3A%2F%2Frebike-photo-nas.s3.eu-central-1.amazonaws.com%2Fpresentations%2F228756%2Fres%2F270%2F270_img_0003.jpg&w=1536&q=100",
      "https://rebike.com/_next/image?url=https%3A%2F%2Frebike-photo-nas.s3.eu-central-1.amazonaws.com%2Fpresentations%2F228756%2Fres%2F270%2F270_img_0004.jpg&w=1536&q=100",
      "https://rebike.com/_next/image?url=https%3A%2F%2Frebike-photo-nas.s3.eu-central-1.amazonaws.com%2Fpresentations%2F228756%2Fres%2F270%2F270_img_0005.jpg&w=1536&q=100"
    ],
    "description": "Velo de Ville 6TY Urban Trekking E-Bike 2023. Wir versenden alle unsere E-Bike vormontiert. Du musst lediglich deinen Lenker gerade stellen, Sitzhöhe an deine Körpergröße anpassen und die Pedale anschrauben. Passendes Werkzeug liegt natürlich dabei.",
    "specifications": {
      "Artikel-Nr": "228756",
      "Akku": "Fazua Intube",
      "Akku Kapazität": "430 Wh",
      "Akku Position": "Intube Akku",
      "Bremse hinten": "Shimano Disc MT200",
      "Bremse vorne": "Shimano Disc MT200"
    },
    "originalBasePriceEur": 3750,
    "currentBasePriceEur": 2269,
    "priceRub": "2269 €",
    "originalPriceRub": "3750 €",
    "originalPriceEur": "3.750 €",
    "currentPriceEur": "2.269 €",
    "discountPercent": 39,
    "id": "228756"
  },
  {
    "title": "Velo de Ville 6TY Urban Trekking E-Bike 2023",
    "currentPrice": "2.369 €",
    "originalPrice": "3.750 €",
    "url": "https://rebike.com/de/velo-de-ville-6ty-urban-e-bike-2023?number=233612",
    "imageUrl": "https://rebike.com/_next/image?url=https%3A%2F%2Frebike-photo-nas.s3.eu-central-1.amazonaws.com%2Fpresentations%2F2023VDV21134549D%2Fres%2F840%2F840_img_0001.jpg&w=1536&q=100",
    "category": "urban",
    "parsedAt": "2025-08-14T19:41:54.107Z",
    "images": [
      "https://rebike.com/_next/image?url=https%3A%2F%2Frebike-photo-nas.s3.eu-central-1.amazonaws.com%2Fpresentations%2F2023VDV21134549D%2Fres%2F1284%2F1284_img_0001.jpg&w=1536&q=100",
      "https://rebike.com/_next/image?url=https%3A%2F%2Frebike-photo-nas.s3.eu-central-1.amazonaws.com%2Fpresentations%2F2023VDV21134549D%2Fres%2F1284%2F1284_img_0002.jpg&w=1536&q=100",
      "https://rebike.com/_next/image?url=https%3A%2F%2Frebike-photo-nas.s3.eu-central-1.amazonaws.com%2Fpresentations%2F2023VDV21134549D%2Fres%2F1284%2F1284_img_0003.jpg&w=1536&q=100",
      "https://rebike.com/_next/image?url=https%3A%2F%2Frebike-photo-nas.s3.eu-central-1.amazonaws.com%2Fpresentations%2F2023VDV21134549D%2Fres%2F270%2F270_img_0001.jpg&w=1536&q=100",
      "https://rebike.com/_next/image?url=https%3A%2F%2Frebike-photo-nas.s3.eu-central-1.amazonaws.com%2Fpresentations%2F2023VDV21134549D%2Fres%2F270%2F270_img_0002.jpg&w=1536&q=100",
      "https://rebike.com/_next/image?url=https%3A%2F%2Frebike-photo-nas.s3.eu-central-1.amazonaws.com%2Fpresentations%2F2023VDV21134549D%2Fres%2F270%2F270_img_0003.jpg&w=1536&q=100",
      "https://rebike.com/_next/image?url=https%3A%2F%2Frebike-photo-nas.s3.eu-central-1.amazonaws.com%2Fpresentations%2F2023VDV21134549D%2Fres%2F270%2F270_img_0004.jpg&w=1536&q=100",
      "https://rebike.com/_next/image?url=https%3A%2F%2Frebike-photo-nas.s3.eu-central-1.amazonaws.com%2Fpresentations%2F2023VDV21134549D%2Fres%2F270%2F270_img_0005.jpg&w=1536&q=100"
    ],
    "description": "Velo de Ville 6TY Urban Trekking E-Bike 2023. Wir versenden alle unsere E-Bike vormontiert. Du musst lediglich deinen Lenker gerade stellen, Sitzhöhe an deine Körpergröße anpassen und die Pedale anschrauben. Passendes Werkzeug liegt natürlich dabei.",
    "specifications": {
      "Zustand": "fabrikneu",
      "Modelljahr": "2023",
      "Laufleistung Motor": "0 km",
      "Rahmenhöhe": "46",
      "Passende Körpergröße": "161-173cm"
    },
    "originalBasePriceEur": 3750,
    "currentBasePriceEur": 2369,
    "priceRub": "2369 €",
    "originalPriceRub": "3750 €",
    "originalPriceEur": "3.750 €",
    "currentPriceEur": "2.369 €",
    "discountPercent": 37,
    "id": "233612"
  },
  {
    "title": "Velo de Ville 6TY Urban Trekking E-Bike 2023",
    "currentPrice": "2.369 €",
    "originalPrice": "3.750 €",
    "url": "https://rebike.com/de/velo-de-ville-6ty-urban-e-bike-2023?number=233942",
    "imageUrl": "https://rebike.com/_next/image?url=https%3A%2F%2Frebike-photo-nas.s3.eu-central-1.amazonaws.com%2Fpresentations%2F2023VDV21134549D%2Fres%2F840%2F840_img_0001.jpg&w=1536&q=100",
    "category": "urban",
    "parsedAt": "2025-08-14T19:41:54.107Z",
    "images": [
      "https://rebike.com/_next/image?url=https%3A%2F%2Frebike-photo-nas.s3.eu-central-1.amazonaws.com%2Fpresentations%2F2023VDV21134549D%2Fres%2F1284%2F1284_img_0001.jpg&w=1536&q=100",
      "https://rebike.com/_next/image?url=https%3A%2F%2Frebike-photo-nas.s3.eu-central-1.amazonaws.com%2Fpresentations%2F2023VDV21134549D%2Fres%2F1284%2F1284_img_0002.jpg&w=1536&q=100",
      "https://rebike.com/_next/image?url=https%3A%2F%2Frebike-photo-nas.s3.eu-central-1.amazonaws.com%2Fpresentations%2F2023VDV21134549D%2Fres%2F1284%2F1284_img_0003.jpg&w=1536&q=100",
      "https://rebike.com/_next/image?url=https%3A%2F%2Frebike-photo-nas.s3.eu-central-1.amazonaws.com%2Fpresentations%2F2023VDV21134549D%2Fres%2F270%2F270_img_0001.jpg&w=1536&q=100",
      "https://rebike.com/_next/image?url=https%3A%2F%2Frebike-photo-nas.s3.eu-central-1.amazonaws.com%2Fpresentations%2F2023VDV21134549D%2Fres%2F270%2F270_img_0002.jpg&w=1536&q=100",
      "https://rebike.com/_next/image?url=https%3A%2F%2Frebike-photo-nas.s3.eu-central-1.amazonaws.com%2Fpresentations%2F2023VDV21134549D%2Fres%2F270%2F270_img_0003.jpg&w=1536&q=100",
      "https://rebike.com/_next/image?url=https%3A%2F%2Frebike-photo-nas.s3.eu-central-1.amazonaws.com%2Fpresentations%2F2023VDV21134549D%2Fres%2F270%2F270_img_0004.jpg&w=1536&q=100",
      "https://rebike.com/_next/image?url=https%3A%2F%2Frebike-photo-nas.s3.eu-central-1.amazonaws.com%2Fpresentations%2F2023VDV21134549D%2Fres%2F270%2F270_img_0005.jpg&w=1536&q=100"
    ],
    "description": "Velo de Ville 6TY Urban Trekking E-Bike 2023. Wir versenden alle unsere E-Bike vormontiert. Du musst lediglich deinen Lenker gerade stellen, Sitzhöhe an deine Körpergröße anpassen und die Pedale anschrauben. Passendes Werkzeug liegt natürlich dabei.",
    "specifications": {
      "Zustand": "fabrikneu",
      "Modelljahr": "2023",
      "Laufleistung Motor": "0 km",
      "Rahmenhöhe": "46 cm",
      "Passende Körpergröße": "161-173cm"
    },
    "originalBasePriceEur": 3750,
    "currentBasePriceEur": 2369,
    "priceRub": "2369 €",
    "originalPriceRub": "3750 €",
    "originalPriceEur": "3.750 €",
    "currentPriceEur": "2.369 €",
    "discountPercent": 37,
    "id": "233942"
  },
  {
    "title": "Velo de Ville 6TY Urban E-Bike 2023",
    "currentPrice": "2.439 €",
    "originalPrice": "3.690 €",
    "url": "https://rebike.com/de/velo-de-ville-6ty-urban-28-e-bike-2023?number=233931",
    "imageUrl": "https://rebike.com/_next/image?url=https%3A%2F%2Frebike-photo-nas.s3.eu-central-1.amazonaws.com%2Fpresentations%2F2023VDV10063771H%2Fres%2F840%2F840_img_0001.jpg&w=1536&q=100",
    "category": "urban",
    "parsedAt": "2025-08-14T19:41:54.107Z",
    "images": [
      "https://rebike.com/_next/image?url=https%3A%2F%2Frebike-photo-nas.s3.eu-central-1.amazonaws.com%2Fpresentations%2F2023VDV10063771H%2Fres%2F1284%2F1284_img_0001.jpg&w=1536&q=100",
      "https://rebike.com/_next/image?url=https%3A%2F%2Frebike-photo-nas.s3.eu-central-1.amazonaws.com%2Fpresentations%2F2023VDV10063771H%2Fres%2F1284%2F1284_img_0002.jpg&w=1536&q=100",
      "https://rebike.com/_next/image?url=https%3A%2F%2Frebike-photo-nas.s3.eu-central-1.amazonaws.com%2Fpresentations%2F2023VDV10063771H%2Fres%2F1284%2F1284_img_0003.jpg&w=1536&q=100",
      "https://rebike.com/_next/image?url=https%3A%2F%2Frebike-photo-nas.s3.eu-central-1.amazonaws.com%2Fpresentations%2F2023VDV10063771H%2Fres%2F270%2F270_img_0001.jpg&w=1536&q=100",
      "https://rebike.com/_next/image?url=https%3A%2F%2Frebike-photo-nas.s3.eu-central-1.amazonaws.com%2Fpresentations%2F2023VDV10063771H%2Fres%2F270%2F270_img_0002.jpg&w=1536&q=100",
      "https://rebike.com/_next/image?url=https%3A%2F%2Frebike-photo-nas.s3.eu-central-1.amazonaws.com%2Fpresentations%2F2023VDV10063771H%2Fres%2F270%2F270_img_0003.jpg&w=1536&q=100",
      "https://rebike.com/_next/image?url=https%3A%2F%2Frebike-photo-nas.s3.eu-central-1.amazonaws.com%2Fpresentations%2F2023VDV10063771H%2Fres%2F270%2F270_img_0004.jpg&w=1536&q=100",
      "https://rebike.com/_next/image?url=https%3A%2F%2Frebike-photo-nas.s3.eu-central-1.amazonaws.com%2Fpresentations%2F2023VDV10063771H%2Fres%2F270%2F270_img_0005.jpg&w=1536&q=100"
    ],
    "description": "Velo de Ville 6TY Urban E-Bike 2023. Wir versenden alle unsere E-Bike vormontiert. Du musst lediglich deinen Lenker gerade stellen, Sitzhöhe an deine Körpergröße anpassen und die Pedale anschrauben. Passendes Werkzeug liegt natürlich dabei.",
    "specifications": {
      "Zustand": "fabrikneu",
      "Modelljahr": "2023",
      "Laufleistung Motor": "0 km",
      "Rahmenhöhe": "49",
      "Passende Körpergröße": "160-172cm"
    },
    "originalBasePriceEur": 3690,
    "currentBasePriceEur": 2439,
    "priceRub": "2439 €",
    "originalPriceRub": "3690 €",
    "originalPriceEur": "3.690 €",
    "currentPriceEur": "2.439 €",
    "discountPercent": 34,
    "id": "233931"
  },
  {
    "title": "Velo de Ville 6TY Urban E-Bike 2023",
    "currentPrice": "2.439 €",
    "originalPrice": "3.690 €",
    "url": "https://rebike.com/de/velo-de-ville-6ty-urban-28-e-bike-2023?number=237832",
    "imageUrl": "https://rebike.com/_next/image?url=https%3A%2F%2Frebike-photo-nas.s3.eu-central-1.amazonaws.com%2Fpresentations%2F2023VDV10063771H%2Fres%2F840%2F840_img_0001.jpg&w=1536&q=100",
    "category": "urban",
    "parsedAt": "2025-08-14T19:41:54.107Z",
    "images": [
      "https://rebike.com/_next/image?url=https%3A%2F%2Frebike-photo-nas.s3.eu-central-1.amazonaws.com%2Fpresentations%2F2023VDV10063771H%2Fres%2F1284%2F1284_img_0001.jpg&w=1536&q=100",
      "https://rebike.com/_next/image?url=https%3A%2F%2Frebike-photo-nas.s3.eu-central-1.amazonaws.com%2Fpresentations%2F2023VDV10063771H%2Fres%2F1284%2F1284_img_0002.jpg&w=1536&q=100",
      "https://rebike.com/_next/image?url=https%3A%2F%2Frebike-photo-nas.s3.eu-central-1.amazonaws.com%2Fpresentations%2F2023VDV10063771H%2Fres%2F1284%2F1284_img_0003.jpg&w=1536&q=100",
      "https://rebike.com/_next/image?url=https%3A%2F%2Frebike-photo-nas.s3.eu-central-1.amazonaws.com%2Fpresentations%2F2023VDV10063771H%2Fres%2F270%2F270_img_0001.jpg&w=1536&q=100",
      "https://rebike.com/_next/image?url=https%3A%2F%2Frebike-photo-nas.s3.eu-central-1.amazonaws.com%2Fpresentations%2F2023VDV10063771H%2Fres%2F270%2F270_img_0002.jpg&w=1536&q=100",
      "https://rebike.com/_next/image?url=https%3A%2F%2Frebike-photo-nas.s3.eu-central-1.amazonaws.com%2Fpresentations%2F2023VDV10063771H%2Fres%2F270%2F270_img_0003.jpg&w=1536&q=100",
      "https://rebike.com/_next/image?url=https%3A%2F%2Frebike-photo-nas.s3.eu-central-1.amazonaws.com%2Fpresentations%2F2023VDV10063771H%2Fres%2F270%2F270_img_0004.jpg&w=1536&q=100",
      "https://rebike.com/_next/image?url=https%3A%2F%2Frebike-photo-nas.s3.eu-central-1.amazonaws.com%2Fpresentations%2F2023VDV10063771H%2Fres%2F270%2F270_img_0005.jpg&w=1536&q=100"
    ],
    "description": "Velo de Ville 6TY Urban E-Bike 2023. Wir versenden alle unsere E-Bike vormontiert. Du musst lediglich deinen Lenker gerade stellen, Sitzhöhe an deine Körpergröße anpassen und die Pedale anschrauben. Passendes Werkzeug liegt natürlich dabei.",
    "specifications": {
      "Zustand": "fabrikneu",
      "Modelljahr": "2023",
      "Laufleistung Motor": "0 km",
      "Rahmenhöhe": "49 cm",
      "Passende Körpergröße": "160-172cm"
    },
    "originalBasePriceEur": 3690,
    "currentBasePriceEur": 2439,
    "priceRub": "2439 €",
    "originalPriceRub": "3690 €",
    "originalPriceEur": "3.690 €",
    "currentPriceEur": "2.439 €",
    "discountPercent": 34,
    "id": "237832"
  },
  {
    "title": "Orbea Vibe H10 E-Bike 2022",
    "currentPrice": "2.459 €",
    "originalPrice": "3.399 €",
    "url": "https://rebike.com/de/orbea-vibe-h10-e-bike-black-2022?number=223746",
    "imageUrl": "https://rebike.com/_next/image?url=https%3A%2F%2Frebike-photo-nas.s3.eu-central-1.amazonaws.com%2Fpresentations%2F223746%2Fres%2F840%2F840_img_0001.jpg&w=1536&q=100",
    "category": "urban",
    "parsedAt": "2025-08-14T19:41:54.107Z",
    "images": [
      "https://rebike.com/_next/image?url=https%3A%2F%2Frebike-photo-nas.s3.eu-central-1.amazonaws.com%2Fpresentations%2F223746%2Fres%2F1284%2F1284_img_0001.jpg&w=1536&q=100",
      "https://rebike.com/_next/image?url=https%3A%2F%2Frebike-photo-nas.s3.eu-central-1.amazonaws.com%2Fpresentations%2F223746%2Fres%2F1284%2F1284_img_0002.jpg&w=1536&q=100",
      "https://rebike.com/_next/image?url=https%3A%2F%2Frebike-photo-nas.s3.eu-central-1.amazonaws.com%2Fpresentations%2F223746%2Fres%2F1284%2F1284_img_0003.jpg&w=1536&q=100",
      "https://rebike.com/_next/image?url=https%3A%2F%2Frebike-photo-nas.s3.eu-central-1.amazonaws.com%2Fpresentations%2F223746%2Fres%2F270%2F270_img_0001.jpg&w=1536&q=100",
      "https://rebike.com/_next/image?url=https%3A%2F%2Frebike-photo-nas.s3.eu-central-1.amazonaws.com%2Fpresentations%2F223746%2Fres%2F270%2F270_img_0002.jpg&w=1536&q=100",
      "https://rebike.com/_next/image?url=https%3A%2F%2Frebike-photo-nas.s3.eu-central-1.amazonaws.com%2Fpresentations%2F223746%2Fres%2F270%2F270_img_0003.jpg&w=1536&q=100",
      "https://rebike.com/_next/image?url=https%3A%2F%2Frebike-photo-nas.s3.eu-central-1.amazonaws.com%2Fpresentations%2F223746%2Fres%2F270%2F270_img_0004.jpg&w=1536&q=100",
      "https://rebike.com/_next/image?url=https%3A%2F%2Frebike-photo-nas.s3.eu-central-1.amazonaws.com%2Fpresentations%2F223746%2Fres%2F270%2F270_img_0005.jpg&w=1536&q=100"
    ],
    "description": "Orbea Vibe H10 E-Bike 2022. Wir versenden alle unsere E-Bike vormontiert. Du musst lediglich deinen Lenker gerade stellen, Sitzhöhe an deine Körpergröße anpassen und die Pedale anschrauben. Passendes Werkzeug liegt natürlich dabei.",
    "specifications": {
      "Artikel-Nr": "223746",
      "Akku": "AEG InTube",
      "Akku Kapazität": "248 Wh",
      "Akku Position": "Intube Akku",
      "Bremse hinten": "Magura MT5 E-STOP Hydraulic Disc Easy Route Connection",
      "Bremse vorne": "Magura MT5 E-STOP Hydraulic Disc Easy Route Connection"
    },
    "originalBasePriceEur": 3399,
    "currentBasePriceEur": 2459,
    "priceRub": "2459 €",
    "originalPriceRub": "3399 €",
    "originalPriceEur": "3.399 €",
    "currentPriceEur": "2.459 €",
    "discountPercent": 28,
    "id": "223746"
  },
  {
    "title": "Orbea Vibe Mid H10 EQ Trekking E-Bike 2023",
    "currentPrice": "2.539 €",
    "originalPrice": "3.999 €",
    "url": "https://rebike.com/de/orbea-vibe-mid-h10-eq-e-bike-2023-metallic-night-black?number=229551",
    "imageUrl": "https://rebike.com/_next/image?url=https%3A%2F%2Frebike-photo-nas.s3.eu-central-1.amazonaws.com%2Fpresentations%2F2023ORB21184971D%2Fres%2F840%2F840_img_0001.jpg&w=1536&q=100",
    "category": "urban",
    "parsedAt": "2025-08-14T19:41:54.107Z",
    "images": [
      "https://rebike.com/_next/image?url=https%3A%2F%2Frebike-photo-nas.s3.eu-central-1.amazonaws.com%2Fpresentations%2F2023ORB21184971D%2Fres%2F1284%2F1284_img_0001.jpg&w=1536&q=100",
      "https://rebike.com/_next/image?url=https%3A%2F%2Frebike-photo-nas.s3.eu-central-1.amazonaws.com%2Fpresentations%2F2023ORB21184971D%2Fres%2F1284%2F1284_img_0002.jpg&w=1536&q=100",
      "https://rebike.com/_next/image?url=https%3A%2F%2Frebike-photo-nas.s3.eu-central-1.amazonaws.com%2Fpresentations%2F2023ORB21184971D%2Fres%2F1284%2F1284_img_0003.jpg&w=1536&q=100",
      "https://rebike.com/_next/image?url=https%3A%2F%2Frebike-photo-nas.s3.eu-central-1.amazonaws.com%2Fpresentations%2F2023ORB21184971D%2Fres%2F270%2F270_img_0001.jpg&w=1536&q=100",
      "https://rebike.com/_next/image?url=https%3A%2F%2Frebike-photo-nas.s3.eu-central-1.amazonaws.com%2Fpresentations%2F2023ORB21184971D%2Fres%2F270%2F270_img_0002.jpg&w=1536&q=100",
      "https://rebike.com/_next/image?url=https%3A%2F%2Frebike-photo-nas.s3.eu-central-1.amazonaws.com%2Fpresentations%2F2023ORB21184971D%2Fres%2F270%2F270_img_0003.jpg&w=1536&q=100",
      "https://rebike.com/_next/image?url=https%3A%2F%2Frebike-photo-nas.s3.eu-central-1.amazonaws.com%2Fpresentations%2F2023ORB21184971D%2Fres%2F270%2F270_img_0004.jpg&w=1536&q=100",
      "https://rebike.com/_next/image?url=https%3A%2F%2Frebike-photo-nas.s3.eu-central-1.amazonaws.com%2Fpresentations%2F2023ORB21184971D%2Fres%2F270%2F270_img_0005.jpg&w=1536&q=100"
    ],
    "description": "Orbea Vibe Mid H10 EQ Trekking E-Bike 2023. Wir versenden alle unsere E-Bike vormontiert. Du musst lediglich deinen Lenker gerade stellen, Sitzhöhe an deine Körpergröße anpassen und die Pedale anschrauben. Passendes Werkzeug liegt natürlich dabei.",
    "specifications": {
      "Zustand": "fabrikneu",
      "Modelljahr": "2023",
      "Laufleistung Motor": "0 km",
      "Rahmenhöhe": "L",
      "Passende Körpergröße": "176-189cm"
    },
    "originalBasePriceEur": 3999,
    "currentBasePriceEur": 2539,
    "priceRub": "2539 €",
    "originalPriceRub": "3999 €",
    "originalPriceEur": "3.999 €",
    "currentPriceEur": "2.539 €",
    "discountPercent": 37,
    "id": "229551"
  },
  {
    "title": "Orbea KEMEN 10 E-Bike 2023",
    "currentPrice": "2.549 €",
    "originalPrice": "4.999 €",
    "url": "https://rebike.com/de/orbea-kemen-10-e-bike-2023-268733?number=268733",
    "imageUrl": "https://rebike.com/_next/image?url=https%3A%2F%2Frebike-photo-nas.s3.eu-central-1.amazonaws.com%2Fpresentations%2F268733%2Fres%2F840%2F840_img_0001.jpg&w=1536&q=100",
    "category": "urban",
    "parsedAt": "2025-08-14T19:41:54.107Z",
    "images": [
      "https://rebike.com/_next/image?url=https%3A%2F%2Frebike-photo-nas.s3.eu-central-1.amazonaws.com%2Fpresentations%2F268733%2Fres%2F1284%2F1284_img_0001.jpg&w=1536&q=100",
      "https://rebike.com/_next/image?url=https%3A%2F%2Frebike-photo-nas.s3.eu-central-1.amazonaws.com%2Fpresentations%2F268733%2Fres%2F1284%2F1284_img_0002.jpg&w=1536&q=100",
      "https://rebike.com/_next/image?url=https%3A%2F%2Frebike-photo-nas.s3.eu-central-1.amazonaws.com%2Fpresentations%2F268733%2Fres%2F1284%2F1284_img_0003.jpg&w=1536&q=100",
      "https://rebike.com/_next/image?url=https%3A%2F%2Frebike-photo-nas.s3.eu-central-1.amazonaws.com%2Fpresentations%2F268733%2Fres%2F270%2F270_img_0001.jpg&w=1536&q=100",
      "https://rebike.com/_next/image?url=https%3A%2F%2Frebike-photo-nas.s3.eu-central-1.amazonaws.com%2Fpresentations%2F268733%2Fres%2F270%2F270_img_0002.jpg&w=1536&q=100",
      "https://rebike.com/_next/image?url=https%3A%2F%2Frebike-photo-nas.s3.eu-central-1.amazonaws.com%2Fpresentations%2F268733%2Fres%2F270%2F270_img_0003.jpg&w=1536&q=100",
      "https://rebike.com/_next/image?url=https%3A%2F%2Frebike-photo-nas.s3.eu-central-1.amazonaws.com%2Fpresentations%2F268733%2Fres%2F270%2F270_img_0004.jpg&w=1536&q=100",
      "https://rebike.com/_next/image?url=https%3A%2F%2Frebike-photo-nas.s3.eu-central-1.amazonaws.com%2Fpresentations%2F268733%2Fres%2F270%2F270_img_0005.jpg&w=1536&q=100"
    ],
    "description": "Orbea KEMEN 10 E-Bike 2023. Wir versenden alle unsere E-Bike vormontiert. Du musst lediglich deinen Lenker gerade stellen, Sitzhöhe an deine Körpergröße anpassen und die Pedale anschrauben. Passendes Werkzeug liegt natürlich dabei.",
    "specifications": {
      "Artikel-Nr": "268733",
      "Akku": "Orbea Internal",
      "Akku Kapazität": "540 Wh",
      "Akku Position": "Intube Akku",
      "Display": "Shimano Steps Schaltereinheit",
      "Einstieg": "Hoch"
    },
    "originalBasePriceEur": 4999,
    "currentBasePriceEur": 2549,
    "priceRub": "2549 €",
    "originalPriceRub": "4999 €",
    "originalPriceEur": "4.999 €",
    "currentPriceEur": "2.549 €",
    "discountPercent": 49,
    "id": "268733"
  },
  {
    "title": "Orbea KEMEN 10 E-Bike 2023",
    "currentPrice": "2.899 €",
    "originalPrice": "4.999 €",
    "url": "https://rebike.com/de/orbea-kemen-10-e-bike-2023-268735?number=268734",
    "imageUrl": "https://rebike.com/_next/image?url=https%3A%2F%2Frebike-photo-nas.s3.eu-central-1.amazonaws.com%2Fpresentations%2F268734%2Fres%2F840%2F840_img_0001.jpg&w=1536&q=100",
    "category": "urban",
    "parsedAt": "2025-08-14T19:41:54.107Z",
    "images": [
      "https://rebike.com/_next/image?url=https%3A%2F%2Frebike-photo-nas.s3.eu-central-1.amazonaws.com%2Fpresentations%2F268734%2Fres%2F1284%2F1284_img_0001.jpg&w=1536&q=100",
      "https://rebike.com/_next/image?url=https%3A%2F%2Frebike-photo-nas.s3.eu-central-1.amazonaws.com%2Fpresentations%2F268734%2Fres%2F1284%2F1284_img_0002.jpg&w=1536&q=100",
      "https://rebike.com/_next/image?url=https%3A%2F%2Frebike-photo-nas.s3.eu-central-1.amazonaws.com%2Fpresentations%2F268734%2Fres%2F1284%2F1284_img_0003.jpg&w=1536&q=100",
      "https://rebike.com/_next/image?url=https%3A%2F%2Frebike-photo-nas.s3.eu-central-1.amazonaws.com%2Fpresentations%2F268734%2Fres%2F270%2F270_img_0001.jpg&w=1536&q=100",
      "https://rebike.com/_next/image?url=https%3A%2F%2Frebike-photo-nas.s3.eu-central-1.amazonaws.com%2Fpresentations%2F268734%2Fres%2F270%2F270_img_0002.jpg&w=1536&q=100",
      "https://rebike.com/_next/image?url=https%3A%2F%2Frebike-photo-nas.s3.eu-central-1.amazonaws.com%2Fpresentations%2F268734%2Fres%2F270%2F270_img_0003.jpg&w=1536&q=100",
      "https://rebike.com/_next/image?url=https%3A%2F%2Frebike-photo-nas.s3.eu-central-1.amazonaws.com%2Fpresentations%2F268734%2Fres%2F270%2F270_img_0004.jpg&w=1536&q=100",
      "https://rebike.com/_next/image?url=https%3A%2F%2Frebike-photo-nas.s3.eu-central-1.amazonaws.com%2Fpresentations%2F268734%2Fres%2F270%2F270_img_0005.jpg&w=1536&q=100"
    ],
    "description": "Orbea KEMEN 10 E-Bike 2023. Wir versenden alle unsere E-Bike vormontiert. Du musst lediglich deinen Lenker gerade stellen, Sitzhöhe an deine Körpergröße anpassen und die Pedale anschrauben. Passendes Werkzeug liegt natürlich dabei.",
    "specifications": {
      "Artikel-Nr": "268734",
      "Akku": "Orbea Internal",
      "Akku Kapazität": "540 Wh",
      "Akku Position": "Intube Akku",
      "Display": "Shimano Steps Schaltereinheit",
      "Einstieg": "Hoch"
    },
    "originalBasePriceEur": 4999,
    "currentBasePriceEur": 2899,
    "priceRub": "2899 €",
    "originalPriceRub": "4999 €",
    "originalPriceEur": "4.999 €",
    "currentPriceEur": "2.899 €",
    "discountPercent": 42,
    "id": "268734"
  },
  {
    "title": "Bergamont E-Vitess Elite Trekking E-Bike 2023",
    "currentPrice": "3.259 €",
    "originalPrice": "4.899 €",
    "url": "https://rebike.com/de/bergamont-e-vitess-elite-e-bike-2023?number=235860",
    "imageUrl": "https://rebike.com/_next/image?url=https%3A%2F%2Frebike-photo-nas.s3.eu-central-1.amazonaws.com%2Fpresentations%2F235860%2Fres%2F840%2F840_img_0001.jpg&w=1536&q=100",
    "category": "urban",
    "parsedAt": "2025-08-14T19:41:54.107Z",
    "images": [
      "https://rebike.com/_next/image?url=https%3A%2F%2Frebike-photo-nas.s3.eu-central-1.amazonaws.com%2Fpresentations%2F235860%2Fres%2F1284%2F1284_img_0001.jpg&w=1536&q=100",
      "https://rebike.com/_next/image?url=https%3A%2F%2Frebike-photo-nas.s3.eu-central-1.amazonaws.com%2Fpresentations%2F235860%2Fres%2F1284%2F1284_img_0002.jpg&w=1536&q=100",
      "https://rebike.com/_next/image?url=https%3A%2F%2Frebike-photo-nas.s3.eu-central-1.amazonaws.com%2Fpresentations%2F235860%2Fres%2F1284%2F1284_img_0003.jpg&w=1536&q=100",
      "https://rebike.com/_next/image?url=https%3A%2F%2Frebike-photo-nas.s3.eu-central-1.amazonaws.com%2Fpresentations%2F235860%2Fres%2F270%2F270_img_0001.jpg&w=1536&q=100",
      "https://rebike.com/_next/image?url=https%3A%2F%2Frebike-photo-nas.s3.eu-central-1.amazonaws.com%2Fpresentations%2F235860%2Fres%2F270%2F270_img_0002.jpg&w=1536&q=100",
      "https://rebike.com/_next/image?url=https%3A%2F%2Frebike-photo-nas.s3.eu-central-1.amazonaws.com%2Fpresentations%2F235860%2Fres%2F270%2F270_img_0003.jpg&w=1536&q=100",
      "https://rebike.com/_next/image?url=https%3A%2F%2Frebike-photo-nas.s3.eu-central-1.amazonaws.com%2Fpresentations%2F235860%2Fres%2F270%2F270_img_0004.jpg&w=1536&q=100",
      "https://rebike.com/_next/image?url=https%3A%2F%2Frebike-photo-nas.s3.eu-central-1.amazonaws.com%2Fpresentations%2F235860%2Fres%2F270%2F270_img_0005.jpg&w=1536&q=100"
    ],
    "description": "Bergamont E-Vitess Elite Trekking E-Bike 2023. Wir versenden alle unsere E-Bike vormontiert. Du musst lediglich deinen Lenker gerade stellen, Sitzhöhe an deine Körpergröße anpassen und die Pedale anschrauben. Passendes Werkzeug liegt natürlich dabei.",
    "specifications": {
      "Artikel-Nr": "235860",
      "Akku": "TQ Internal",
      "Akku Kapazität": "360 Wh",
      "Akku Position": "Intube Akku",
      "Bremse hinten": "Tektro HD-EU 817, hydraulische Scheibenbremse",
      "Bremse vorne": "Tektro HD-EU 817, hydraulische Scheibenbremse"
    },
    "originalBasePriceEur": 4899,
    "currentBasePriceEur": 3259,
    "priceRub": "3259 €",
    "originalPriceRub": "4899 €",
    "originalPriceEur": "4.899 €",
    "currentPriceEur": "3.259 €",
    "discountPercent": 33,
    "id": "235860"
  },
  {
    "title": "Bergamont E-Vitess Elite Trekking E-Bike 2023",
    "currentPrice": "3.259 €",
    "originalPrice": "4.899 €",
    "url": "https://rebike.com/de/bergamont-e-vitess-elite-e-bike-2023?number=235861",
    "imageUrl": "https://rebike.com/_next/image?url=https%3A%2F%2Frebike-photo-nas.s3.eu-central-1.amazonaws.com%2Fpresentations%2F235861%2Fres%2F840%2F840_img_0001.jpg&w=1536&q=100",
    "category": "urban",
    "parsedAt": "2025-08-14T19:41:54.107Z",
    "images": [
      "https://rebike.com/_next/image?url=https%3A%2F%2Frebike-photo-nas.s3.eu-central-1.amazonaws.com%2Fpresentations%2F235861%2Fres%2F1284%2F1284_img_0001.jpg&w=1536&q=100",
      "https://rebike.com/_next/image?url=https%3A%2F%2Frebike-photo-nas.s3.eu-central-1.amazonaws.com%2Fpresentations%2F235861%2Fres%2F1284%2F1284_img_0002.jpg&w=1536&q=100",
      "https://rebike.com/_next/image?url=https%3A%2F%2Frebike-photo-nas.s3.eu-central-1.amazonaws.com%2Fpresentations%2F235861%2Fres%2F1284%2F1284_img_0003.jpg&w=1536&q=100",
      "https://rebike.com/_next/image?url=https%3A%2F%2Frebike-photo-nas.s3.eu-central-1.amazonaws.com%2Fpresentations%2F235861%2Fres%2F270%2F270_img_0001.jpg&w=1536&q=100",
      "https://rebike.com/_next/image?url=https%3A%2F%2Frebike-photo-nas.s3.eu-central-1.amazonaws.com%2Fpresentations%2F235861%2Fres%2F270%2F270_img_0002.jpg&w=1536&q=100",
      "https://rebike.com/_next/image?url=https%3A%2F%2Frebike-photo-nas.s3.eu-central-1.amazonaws.com%2Fpresentations%2F235861%2Fres%2F270%2F270_img_0003.jpg&w=1536&q=100",
      "https://rebike.com/_next/image?url=https%3A%2F%2Frebike-photo-nas.s3.eu-central-1.amazonaws.com%2Fpresentations%2F235861%2Fres%2F270%2F270_img_0004.jpg&w=1536&q=100",
      "https://rebike.com/_next/image?url=https%3A%2F%2Frebike-photo-nas.s3.eu-central-1.amazonaws.com%2Fpresentations%2F235861%2Fres%2F270%2F270_img_0005.jpg&w=1536&q=100"
    ],
    "description": "Bergamont E-Vitess Elite Trekking E-Bike 2023. Wir versenden alle unsere E-Bike vormontiert. Du musst lediglich deinen Lenker gerade stellen, Sitzhöhe an deine Körpergröße anpassen und die Pedale anschrauben. Passendes Werkzeug liegt natürlich dabei.",
    "specifications": {
      "Artikel-Nr": "235861",
      "Akku": "TQ Internal",
      "Akku Kapazität": "360 Wh",
      "Akku Position": "Intube Akku",
      "Bremse hinten": "Tektro HD-EU 817, hydraulische Scheibenbremse",
      "Bremse vorne": "Tektro HD-EU 817, hydraulische Scheibenbremse"
    },
    "originalBasePriceEur": 4899,
    "currentBasePriceEur": 3259,
    "priceRub": "3259 €",
    "originalPriceRub": "4899 €",
    "originalPriceEur": "4.899 €",
    "currentPriceEur": "3.259 €",
    "discountPercent": 33,
    "id": "235861"
  },
  {
    "title": "Bergamont E-Vitess Elite Trekking E-Bike 2023",
    "currentPrice": "3.259 €",
    "originalPrice": "4.899 €",
    "url": "https://rebike.com/de/bergamont-e-vitess-elite-e-bike-2023?number=235862",
    "imageUrl": "https://rebike.com/_next/image?url=https%3A%2F%2Frebike-photo-nas.s3.eu-central-1.amazonaws.com%2Fpresentations%2F235862%2Fres%2F840%2F840_img_0001.jpg&w=1536&q=100",
    "category": "urban",
    "parsedAt": "2025-08-14T19:41:54.107Z",
    "images": [
      "https://rebike.com/_next/image?url=https%3A%2F%2Frebike-photo-nas.s3.eu-central-1.amazonaws.com%2Fpresentations%2F235862%2Fres%2F1284%2F1284_img_0001.jpg&w=1536&q=100",
      "https://rebike.com/_next/image?url=https%3A%2F%2Frebike-photo-nas.s3.eu-central-1.amazonaws.com%2Fpresentations%2F235862%2Fres%2F1284%2F1284_img_0002.jpg&w=1536&q=100",
      "https://rebike.com/_next/image?url=https%3A%2F%2Frebike-photo-nas.s3.eu-central-1.amazonaws.com%2Fpresentations%2F235862%2Fres%2F1284%2F1284_img_0003.jpg&w=1536&q=100",
      "https://rebike.com/_next/image?url=https%3A%2F%2Frebike-photo-nas.s3.eu-central-1.amazonaws.com%2Fpresentations%2F235862%2Fres%2F270%2F270_img_0001.jpg&w=1536&q=100",
      "https://rebike.com/_next/image?url=https%3A%2F%2Frebike-photo-nas.s3.eu-central-1.amazonaws.com%2Fpresentations%2F235862%2Fres%2F270%2F270_img_0002.jpg&w=1536&q=100",
      "https://rebike.com/_next/image?url=https%3A%2F%2Frebike-photo-nas.s3.eu-central-1.amazonaws.com%2Fpresentations%2F235862%2Fres%2F270%2F270_img_0003.jpg&w=1536&q=100",
      "https://rebike.com/_next/image?url=https%3A%2F%2Frebike-photo-nas.s3.eu-central-1.amazonaws.com%2Fpresentations%2F235862%2Fres%2F270%2F270_img_0004.jpg&w=1536&q=100",
      "https://rebike.com/_next/image?url=https%3A%2F%2Frebike-photo-nas.s3.eu-central-1.amazonaws.com%2Fpresentations%2F235862%2Fres%2F270%2F270_img_0005.jpg&w=1536&q=100"
    ],
    "description": "Bergamont E-Vitess Elite Trekking E-Bike 2023. Wir versenden alle unsere E-Bike vormontiert. Du musst lediglich deinen Lenker gerade stellen, Sitzhöhe an deine Körpergröße anpassen und die Pedale anschrauben. Passendes Werkzeug liegt natürlich dabei.",
    "specifications": {
      "Artikel-Nr": "235862",
      "Akku": "TQ Internal",
      "Akku Kapazität": "360 Wh",
      "Akku Position": "Intube Akku",
      "Bremse hinten": "Tektro HD-EU 817, hydraulische Scheibenbremse",
      "Bremse vorne": "Tektro HD-EU 817, hydraulische Scheibenbremse"
    },
    "originalBasePriceEur": 4899,
    "currentBasePriceEur": 3259,
    "priceRub": "3259 €",
    "originalPriceRub": "4899 €",
    "originalPriceEur": "4.899 €",
    "currentPriceEur": "3.259 €",
    "discountPercent": 33,
    "id": "235862"
  },
  {
    "title": "Bergamont E-Vitess Elite Trekking E-Bike 2023",
    "currentPrice": "3.259 €",
    "originalPrice": "4.899 €",
    "url": "https://rebike.com/de/bergamont-e-vitess-elite-e-bike-2023?number=235865",
    "imageUrl": "https://rebike.com/_next/image?url=https%3A%2F%2Frebike-photo-nas.s3.eu-central-1.amazonaws.com%2Fpresentations%2F235865%2Fres%2F840%2F840_img_0001.jpg&w=1536&q=100",
    "category": "urban",
    "parsedAt": "2025-08-14T19:41:54.107Z",
    "images": [
      "https://rebike.com/_next/image?url=https%3A%2F%2Frebike-photo-nas.s3.eu-central-1.amazonaws.com%2Fpresentations%2F235865%2Fres%2F1284%2F1284_img_0001.jpg&w=1536&q=100",
      "https://rebike.com/_next/image?url=https%3A%2F%2Frebike-photo-nas.s3.eu-central-1.amazonaws.com%2Fpresentations%2F235865%2Fres%2F1284%2F1284_img_0002.jpg&w=1536&q=100",
      "https://rebike.com/_next/image?url=https%3A%2F%2Frebike-photo-nas.s3.eu-central-1.amazonaws.com%2Fpresentations%2F235865%2Fres%2F1284%2F1284_img_0003.jpg&w=1536&q=100",
      "https://rebike.com/_next/image?url=https%3A%2F%2Frebike-photo-nas.s3.eu-central-1.amazonaws.com%2Fpresentations%2F235865%2Fres%2F270%2F270_img_0001.jpg&w=1536&q=100",
      "https://rebike.com/_next/image?url=https%3A%2F%2Frebike-photo-nas.s3.eu-central-1.amazonaws.com%2Fpresentations%2F235865%2Fres%2F270%2F270_img_0002.jpg&w=1536&q=100",
      "https://rebike.com/_next/image?url=https%3A%2F%2Frebike-photo-nas.s3.eu-central-1.amazonaws.com%2Fpresentations%2F235865%2Fres%2F270%2F270_img_0003.jpg&w=1536&q=100",
      "https://rebike.com/_next/image?url=https%3A%2F%2Frebike-photo-nas.s3.eu-central-1.amazonaws.com%2Fpresentations%2F235865%2Fres%2F270%2F270_img_0004.jpg&w=1536&q=100",
      "https://rebike.com/_next/image?url=https%3A%2F%2Frebike-photo-nas.s3.eu-central-1.amazonaws.com%2Fpresentations%2F235865%2Fres%2F270%2F270_img_0005.jpg&w=1536&q=100"
    ],
    "description": "Bergamont E-Vitess Elite Trekking E-Bike 2023. Wir versenden alle unsere E-Bike vormontiert. Du musst lediglich deinen Lenker gerade stellen, Sitzhöhe an deine Körpergröße anpassen und die Pedale anschrauben. Passendes Werkzeug liegt natürlich dabei.",
    "specifications": {
      "Artikel-Nr": "235865",
      "Akku": "TQ Internal",
      "Akku Kapazität": "360 Wh",
      "Akku Position": "Intube Akku",
      "Bremse hinten": "Tektro HD-EU 817, hydraulische Scheibenbremse",
      "Bremse vorne": "Tektro HD-EU 817, hydraulische Scheibenbremse"
    },
    "originalBasePriceEur": 4899,
    "currentBasePriceEur": 3259,
    "priceRub": "3259 €",
    "originalPriceRub": "4899 €",
    "originalPriceEur": "4.899 €",
    "currentPriceEur": "3.259 €",
    "discountPercent": 33,
    "id": "235865"
  },
  {
    "title": "Bergamont E-Vitess Elite Trekking E-Bike 2023",
    "currentPrice": "3.399 €",
    "originalPrice": "4.899 €",
    "url": "https://rebike.com/de/bergamont-e-vitess-elite-e-bike-2023?number=235863",
    "imageUrl": "https://rebike.com/_next/image?url=https%3A%2F%2Frebike-photo-nas.s3.eu-central-1.amazonaws.com%2Fpresentations%2F2023BGM10065263H%2Fres%2F840%2F840_img_0001.jpg&w=1536&q=100",
    "category": "urban",
    "parsedAt": "2025-08-14T19:41:54.107Z",
    "images": [
      "https://rebike.com/_next/image?url=https%3A%2F%2Frebike-photo-nas.s3.eu-central-1.amazonaws.com%2Fpresentations%2F2023BGM10065263H%2Fres%2F1284%2F1284_img_0001.jpg&w=1536&q=100",
      "https://rebike.com/_next/image?url=https%3A%2F%2Frebike-photo-nas.s3.eu-central-1.amazonaws.com%2Fpresentations%2F2023BGM10065263H%2Fres%2F1284%2F1284_img_0002.jpg&w=1536&q=100",
      "https://rebike.com/_next/image?url=https%3A%2F%2Frebike-photo-nas.s3.eu-central-1.amazonaws.com%2Fpresentations%2F2023BGM10065263H%2Fres%2F1284%2F1284_img_0003.jpg&w=1536&q=100",
      "https://rebike.com/_next/image?url=https%3A%2F%2Frebike-photo-nas.s3.eu-central-1.amazonaws.com%2Fpresentations%2F2023BGM10065263H%2Fres%2F270%2F270_img_0001.jpg&w=1536&q=100",
      "https://rebike.com/_next/image?url=https%3A%2F%2Frebike-photo-nas.s3.eu-central-1.amazonaws.com%2Fpresentations%2F2023BGM10065263H%2Fres%2F270%2F270_img_0002.jpg&w=1536&q=100",
      "https://rebike.com/_next/image?url=https%3A%2F%2Frebike-photo-nas.s3.eu-central-1.amazonaws.com%2Fpresentations%2F2023BGM10065263H%2Fres%2F270%2F270_img_0003.jpg&w=1536&q=100",
      "https://rebike.com/_next/image?url=https%3A%2F%2Frebike-photo-nas.s3.eu-central-1.amazonaws.com%2Fpresentations%2F2023BGM10065263H%2Fres%2F270%2F270_img_0004.jpg&w=1536&q=100",
      "https://rebike.com/_next/image?url=https%3A%2F%2Frebike-photo-nas.s3.eu-central-1.amazonaws.com%2Fpresentations%2F2023BGM10065263H%2Fres%2F270%2F270_img_0005.jpg&w=1536&q=100"
    ],
    "description": "Bergamont E-Vitess Elite Trekking E-Bike 2023. Wir versenden alle unsere E-Bike vormontiert. Du musst lediglich deinen Lenker gerade stellen, Sitzhöhe an deine Körpergröße anpassen und die Pedale anschrauben. Passendes Werkzeug liegt natürlich dabei.",
    "specifications": {
      "Zustand": "fabrikneu",
      "Modelljahr": "2023",
      "Laufleistung Motor": "0 km",
      "Rahmenhöhe": "60 cm",
      "Passende Körpergröße": "183-193cm"
    },
    "originalBasePriceEur": 4899,
    "currentBasePriceEur": 3399,
    "priceRub": "3399 €",
    "originalPriceRub": "4899 €",
    "originalPriceEur": "4.899 €",
    "currentPriceEur": "3.399 €",
    "discountPercent": 31,
    "id": "235863"
  },
  {
    "title": "Bergamont E-Vitess Elite Trekking E-Bike 2023",
    "currentPrice": "3.399 €",
    "originalPrice": "4.899 €",
    "url": "https://rebike.com/de/bergamont-e-vitess-elite-e-bike-2023?number=235867",
    "imageUrl": "https://rebike.com/_next/image?url=https%3A%2F%2Frebike-photo-nas.s3.eu-central-1.amazonaws.com%2Fpresentations%2F2023BGM10065263H%2Fres%2F840%2F840_img_0001.jpg&w=1536&q=100",
    "category": "urban",
    "parsedAt": "2025-08-14T19:43:59.595Z",
    "images": [
      "https://rebike.com/_next/image?url=https%3A%2F%2Frebike-photo-nas.s3.eu-central-1.amazonaws.com%2Fpresentations%2F2023BGM10065263H%2Fres%2F1284%2F1284_img_0001.jpg&w=1536&q=100",
      "https://rebike.com/_next/image?url=https%3A%2F%2Frebike-photo-nas.s3.eu-central-1.amazonaws.com%2Fpresentations%2F2023BGM10065263H%2Fres%2F1284%2F1284_img_0002.jpg&w=1536&q=100",
      "https://rebike.com/_next/image?url=https%3A%2F%2Frebike-photo-nas.s3.eu-central-1.amazonaws.com%2Fpresentations%2F2023BGM10065263H%2Fres%2F1284%2F1284_img_0003.jpg&w=1536&q=100",
      "https://rebike.com/_next/image?url=https%3A%2F%2Frebike-photo-nas.s3.eu-central-1.amazonaws.com%2Fpresentations%2F2023BGM10065263H%2Fres%2F270%2F270_img_0001.jpg&w=1536&q=100",
      "https://rebike.com/_next/image?url=https%3A%2F%2Frebike-photo-nas.s3.eu-central-1.amazonaws.com%2Fpresentations%2F2023BGM10065263H%2Fres%2F270%2F270_img_0002.jpg&w=1536&q=100",
      "https://rebike.com/_next/image?url=https%3A%2F%2Frebike-photo-nas.s3.eu-central-1.amazonaws.com%2Fpresentations%2F2023BGM10065263H%2Fres%2F270%2F270_img_0003.jpg&w=1536&q=100",
      "https://rebike.com/_next/image?url=https%3A%2F%2Frebike-photo-nas.s3.eu-central-1.amazonaws.com%2Fpresentations%2F2023BGM10065263H%2Fres%2F270%2F270_img_0004.jpg&w=1536&q=100",
      "https://rebike.com/_next/image?url=https%3A%2F%2Frebike-photo-nas.s3.eu-central-1.amazonaws.com%2Fpresentations%2F2023BGM10065263H%2Fres%2F270%2F270_img_0005.jpg&w=1536&q=100"
    ],
    "description": "Bergamont E-Vitess Elite Trekking E-Bike 2023. Wir versenden alle unsere E-Bike vormontiert. Du musst lediglich deinen Lenker gerade stellen, Sitzhöhe an deine Körpergröße anpassen und die Pedale anschrauben. Passendes Werkzeug liegt natürlich dabei.",
    "specifications": {
      "Zustand": "fabrikneu",
      "Modelljahr": "2023",
      "Laufleistung Motor": "0 km",
      "Rahmenhöhe": "60 cm",
      "Passende Körpergröße": "183-193cm"
    },
    "originalBasePriceEur": 4899,
    "currentBasePriceEur": 3399,
    "priceRub": "3399 €",
    "originalPriceRub": "4899 €",
    "originalPriceEur": "4.899 €",
    "currentPriceEur": "3.399 €",
    "discountPercent": 31,
    "id": "235867"
  },
  {
    "title": "Bergamont E-Vitess Elite Trekking E-Bike 2023",
    "currentPrice": "3.399 €",
    "originalPrice": "4.899 €",
    "url": "https://rebike.com/de/bergamont-e-vitess-elite-e-bike-2023?number=235858",
    "imageUrl": "https://rebike.com/_next/image?url=https%3A%2F%2Frebike-photo-nas.s3.eu-central-1.amazonaws.com%2Fpresentations%2F2023BGM10065263H%2Fres%2F840%2F840_img_0001.jpg&w=1536&q=100",
    "category": "urban",
    "parsedAt": "2025-08-14T19:43:59.595Z",
    "images": [
      "https://rebike.com/_next/image?url=https%3A%2F%2Frebike-photo-nas.s3.eu-central-1.amazonaws.com%2Fpresentations%2F2023BGM10065263H%2Fres%2F1284%2F1284_img_0001.jpg&w=1536&q=100",
      "https://rebike.com/_next/image?url=https%3A%2F%2Frebike-photo-nas.s3.eu-central-1.amazonaws.com%2Fpresentations%2F2023BGM10065263H%2Fres%2F1284%2F1284_img_0002.jpg&w=1536&q=100",
      "https://rebike.com/_next/image?url=https%3A%2F%2Frebike-photo-nas.s3.eu-central-1.amazonaws.com%2Fpresentations%2F2023BGM10065263H%2Fres%2F1284%2F1284_img_0003.jpg&w=1536&q=100",
      "https://rebike.com/_next/image?url=https%3A%2F%2Frebike-photo-nas.s3.eu-central-1.amazonaws.com%2Fpresentations%2F2023BGM10065263H%2Fres%2F270%2F270_img_0001.jpg&w=1536&q=100",
      "https://rebike.com/_next/image?url=https%3A%2F%2Frebike-photo-nas.s3.eu-central-1.amazonaws.com%2Fpresentations%2F2023BGM10065263H%2Fres%2F270%2F270_img_0002.jpg&w=1536&q=100",
      "https://rebike.com/_next/image?url=https%3A%2F%2Frebike-photo-nas.s3.eu-central-1.amazonaws.com%2Fpresentations%2F2023BGM10065263H%2Fres%2F270%2F270_img_0003.jpg&w=1536&q=100",
      "https://rebike.com/_next/image?url=https%3A%2F%2Frebike-photo-nas.s3.eu-central-1.amazonaws.com%2Fpresentations%2F2023BGM10065263H%2Fres%2F270%2F270_img_0004.jpg&w=1536&q=100",
      "https://rebike.com/_next/image?url=https%3A%2F%2Frebike-photo-nas.s3.eu-central-1.amazonaws.com%2Fpresentations%2F2023BGM10065263H%2Fres%2F270%2F270_img_0005.jpg&w=1536&q=100"
    ],
    "description": "Bergamont E-Vitess Elite Trekking E-Bike 2023. Wir versenden alle unsere E-Bike vormontiert. Du musst lediglich deinen Lenker gerade stellen, Sitzhöhe an deine Körpergröße anpassen und die Pedale anschrauben. Passendes Werkzeug liegt natürlich dabei.",
    "specifications": {
      "Zustand": "fabrikneu",
      "Modelljahr": "2023",
      "Laufleistung Motor": "0 km",
      "Rahmenhöhe": "52",
      "Passende Körpergröße": "168-178cm"
    },
    "originalBasePriceEur": 4899,
    "currentBasePriceEur": 3399,
    "priceRub": "3399 €",
    "originalPriceRub": "4899 €",
    "originalPriceEur": "4.899 €",
    "currentPriceEur": "3.399 €",
    "discountPercent": 31,
    "id": "235858"
  }
]