[
  {
    "title": "HNF Heisenberg UD1 S-Pedelecs 500 Wh",
    "currentPrice": "1.699 €",
    "originalPrice": "4.090 €",
    "url": "https://rebike.com/de/hnf-heisenberg-ud1-s-pedelecs-500-wh-212243?number=212243",
    "imageUrl": "https://rebike.com/_next/image?url=https%3A%2F%2Frebike-photo-nas.s3.eu-central-1.amazonaws.com%2Fpresentations%2F212243%2Fres%2F840%2F840_img_0001.jpg&w=1536&q=100",
    "category": "speed",
    "parsedAt": "2025-08-15T01:22:54.019Z",
    "images": [
      "https://rebike.com/_next/image?url=https%3A%2F%2Frebike-photo-nas.s3.eu-central-1.amazonaws.com%2Fpresentations%2F212243%2Fres%2F1284%2F1284_img_0001.jpg&w=1536&q=100",
      "https://rebike.com/_next/image?url=https%3A%2F%2Frebike-photo-nas.s3.eu-central-1.amazonaws.com%2Fpresentations%2F212243%2Fres%2F1284%2F1284_img_0002.jpg&w=1536&q=100",
      "https://rebike.com/_next/image?url=https%3A%2F%2Frebike-photo-nas.s3.eu-central-1.amazonaws.com%2Fpresentations%2F212243%2Fres%2F1284%2F1284_img_0003.jpg&w=1536&q=100",
      "https://rebike.com/_next/image?url=https%3A%2F%2Frebike-photo-nas.s3.eu-central-1.amazonaws.com%2Fpresentations%2F212243%2Fres%2F270%2F270_img_0001.jpg&w=1536&q=100",
      "https://rebike.com/_next/image?url=https%3A%2F%2Frebike-photo-nas.s3.eu-central-1.amazonaws.com%2Fpresentations%2F212243%2Fres%2F270%2F270_img_0002.jpg&w=1536&q=100",
      "https://rebike.com/_next/image?url=https%3A%2F%2Frebike-photo-nas.s3.eu-central-1.amazonaws.com%2Fpresentations%2F212243%2Fres%2F270%2F270_img_0003.jpg&w=1536&q=100",
      "https://rebike.com/_next/image?url=https%3A%2F%2Frebike-photo-nas.s3.eu-central-1.amazonaws.com%2Fpresentations%2F212243%2Fres%2F270%2F270_img_0004.jpg&w=1536&q=100",
      "https://rebike.com/_next/image?url=https%3A%2F%2Frebike-photo-nas.s3.eu-central-1.amazonaws.com%2Fpresentations%2F212243%2Fres%2F270%2F270_img_0005.jpg&w=1536&q=100"
    ],
    "description": "HNF Heisenberg UD1 S-Pedelecs 500 Wh. Wir versenden alle unsere E-Bike vormontiert. Du musst lediglich deinen Lenker gerade stellen, Sitzhöhe an deine Körpergröße anpassen und die Pedale anschrauben. Passendes Werkzeug liegt natürlich dabei.",
    "specifications": {
      "Artikel-Nr": "212243",
      "Akku": "Bosch PowerPack",
      "Akku Kapazität": "500 Wh",
      "Akku Position": "Rahmenakku",
      "Bremse hinten": "Magura",
      "Bremse vorne": "Magura"
    },
    "originalBasePriceEur": 4090,
    "currentBasePriceEur": 1699,
    "priceRub": "1699 €",
    "originalPriceRub": "4090 €",
    "originalPriceEur": "4.090 €",
    "currentPriceEur": "1.699 €",
    "discountPercent": 58,
    "id": "212243"
  },
  {
    "title": "Stromer ST1 S-Pedelec  814 Wh",
    "currentPrice": "2.159 €",
    "originalPrice": "4.238 €",
    "url": "https://rebike.com/de/stromer-st1-s-pedelec-814-wh-275113?number=275113",
    "imageUrl": "https://rebike.com/_next/image?url=https%3A%2F%2Frebike-photo-nas.s3.eu-central-1.amazonaws.com%2Fpresentations%2F275113%2Fres%2F840%2F840_img_0001.jpg&w=1536&q=100",
    "category": "speed",
    "parsedAt": "2025-08-15T01:22:54.019Z",
    "images": [
      "https://rebike.com/_next/image?url=https%3A%2F%2Frebike-photo-nas.s3.eu-central-1.amazonaws.com%2Fpresentations%2F275113%2Fres%2F1284%2F1284_img_0001.jpg&w=1536&q=100",
      "https://rebike.com/_next/image?url=https%3A%2F%2Frebike-photo-nas.s3.eu-central-1.amazonaws.com%2Fpresentations%2F275113%2Fres%2F1284%2F1284_img_0002.jpg&w=1536&q=100",
      "https://rebike.com/_next/image?url=https%3A%2F%2Frebike-photo-nas.s3.eu-central-1.amazonaws.com%2Fpresentations%2F275113%2Fres%2F1284%2F1284_img_0003.jpg&w=1536&q=100",
      "https://rebike.com/_next/image?url=https%3A%2F%2Frebike-photo-nas.s3.eu-central-1.amazonaws.com%2Fpresentations%2F275113%2Fres%2F270%2F270_img_0001.jpg&w=1536&q=100",
      "https://rebike.com/_next/image?url=https%3A%2F%2Frebike-photo-nas.s3.eu-central-1.amazonaws.com%2Fpresentations%2F275113%2Fres%2F270%2F270_img_0002.jpg&w=1536&q=100",
      "https://rebike.com/_next/image?url=https%3A%2F%2Frebike-photo-nas.s3.eu-central-1.amazonaws.com%2Fpresentations%2F275113%2Fres%2F270%2F270_img_0003.jpg&w=1536&q=100",
      "https://rebike.com/_next/image?url=https%3A%2F%2Frebike-photo-nas.s3.eu-central-1.amazonaws.com%2Fpresentations%2F275113%2Fres%2F270%2F270_img_0004.jpg&w=1536&q=100",
      "https://rebike.com/_next/image?url=https%3A%2F%2Frebike-photo-nas.s3.eu-central-1.amazonaws.com%2Fpresentations%2F275113%2Fres%2F270%2F270_img_0005.jpg&w=1536&q=100"
    ],
    "description": "Stromer ST1 S-Pedelec  814 Wh. Wir versenden alle unsere E-Bike vormontiert. Du musst lediglich deinen Lenker gerade stellen, Sitzhöhe an deine Körpergröße anpassen und die Pedale anschrauben. Passendes Werkzeug liegt natürlich dabei.",
    "specifications": {
      "Artikel-Nr": "275113",
      "Akku": "Intube Akku",
      "Akku Kapazität": "814 Wh",
      "Akku Position": "Intube Akku",
      "Bremse hinten": "Stromer",
      "Bremse vorne": "Stromer"
    },
    "originalBasePriceEur": 4238,
    "currentBasePriceEur": 2159,
    "priceRub": "2159 €",
    "originalPriceRub": "4238 €",
    "originalPriceEur": "4.238 €",
    "currentPriceEur": "2.159 €",
    "discountPercent": 49,
    "id": "275113"
  },
  {
    "title": "Stromer ST1 X Comfort S-Pedelecs 618 Wh",
    "currentPrice": "3.269 €",
    "originalPrice": "5.190 €",
    "url": "https://rebike.com/de/stromer-st1-x-comfort-s-pedelec-45-km-h-2019?number=101922",
    "imageUrl": "https://rebike.com/_next/image?url=https%3A%2F%2Frebike-photo-nas.s3.eu-central-1.amazonaws.com%2Fpresentations%2F101922%2Fres%2F840%2F840_img_0001.jpg&w=1536&q=100",
    "category": "speed",
    "parsedAt": "2025-08-15T01:22:54.019Z",
    "images": [
      "https://rebike.com/_next/image?url=https%3A%2F%2Frebike-photo-nas.s3.eu-central-1.amazonaws.com%2Fpresentations%2F101922%2Fres%2F1284%2F1284_img_0001.jpg&w=1536&q=100",
      "https://rebike.com/_next/image?url=https%3A%2F%2Frebike-photo-nas.s3.eu-central-1.amazonaws.com%2Fpresentations%2F101922%2Fres%2F1284%2F1284_img_0002.jpg&w=1536&q=100",
      "https://rebike.com/_next/image?url=https%3A%2F%2Frebike-photo-nas.s3.eu-central-1.amazonaws.com%2Fpresentations%2F101922%2Fres%2F1284%2F1284_img_0003.jpg&w=1536&q=100",
      "https://rebike.com/_next/image?url=https%3A%2F%2Frebike-photo-nas.s3.eu-central-1.amazonaws.com%2Fpresentations%2F101922%2Fres%2F270%2F270_img_0001.jpg&w=1536&q=100",
      "https://rebike.com/_next/image?url=https%3A%2F%2Frebike-photo-nas.s3.eu-central-1.amazonaws.com%2Fpresentations%2F101922%2Fres%2F270%2F270_img_0002.jpg&w=1536&q=100",
      "https://rebike.com/_next/image?url=https%3A%2F%2Frebike-photo-nas.s3.eu-central-1.amazonaws.com%2Fpresentations%2F101922%2Fres%2F270%2F270_img_0003.jpg&w=1536&q=100",
      "https://rebike.com/_next/image?url=https%3A%2F%2Frebike-photo-nas.s3.eu-central-1.amazonaws.com%2Fpresentations%2F101922%2Fres%2F270%2F270_img_0004.jpg&w=1536&q=100",
      "https://rebike.com/_next/image?url=https%3A%2F%2Frebike-photo-nas.s3.eu-central-1.amazonaws.com%2Fpresentations%2F101922%2Fres%2F270%2F270_img_0005.jpg&w=1536&q=100"
    ],
    "description": "Stromer ST1 X Comfort S-Pedelecs 618 Wh. Wir versenden alle unsere E-Bike vormontiert. Du musst lediglich deinen Lenker gerade stellen, Sitzhöhe an deine Körpergröße anpassen und die Pedale anschrauben. Passendes Werkzeug liegt natürlich dabei.",
    "specifications": {
      "Artikel-Nr": "101922",
      "Akku": "Stromer BQ618",
      "Akku Kapazität": "618 Wh",
      "Akku Position": "Intube Akku",
      "Display": "Display SUI OMNI C",
      "Einstieg": "Mittel"
    },
    "originalBasePriceEur": 5190,
    "currentBasePriceEur": 3269,
    "priceRub": "3269 €",
    "originalPriceRub": "5190 €",
    "originalPriceEur": "5.190 €",
    "currentPriceEur": "3.269 €",
    "discountPercent": 37,
    "id": "101922"
  },
  {
    "title": "Stromer ST1 Sport S-Pedelecs 618 Wh",
    "currentPrice": "3.299 €",
    "originalPrice": "5.168 €",
    "url": "https://rebike.com/de/stromer-st1-sport-lci-s-pedelec-2022-light-grey?number=229882",
    "imageUrl": "https://rebike.com/_next/image?url=https%3A%2F%2Frebike-photo-nas.s3.eu-central-1.amazonaws.com%2Fpresentations%2F2022STR20213678H%2Fres%2F840%2F840_img_0001.jpg&w=1536&q=100",
    "category": "speed",
    "parsedAt": "2025-08-15T01:22:54.019Z",
    "images": [
      "https://rebike.com/_next/image?url=https%3A%2F%2Frebike-photo-nas.s3.eu-central-1.amazonaws.com%2Fpresentations%2F2022STR20213678H%2Fres%2F1284%2F1284_img_0001.jpg&w=1536&q=100",
      "https://rebike.com/_next/image?url=https%3A%2F%2Frebike-photo-nas.s3.eu-central-1.amazonaws.com%2Fpresentations%2F2022STR20213678H%2Fres%2F1284%2F1284_img_0002.jpg&w=1536&q=100",
      "https://rebike.com/_next/image?url=https%3A%2F%2Frebike-photo-nas.s3.eu-central-1.amazonaws.com%2Fpresentations%2F2022STR20213678H%2Fres%2F1284%2F1284_img_0003.jpg&w=1536&q=100",
      "https://rebike.com/_next/image?url=https%3A%2F%2Frebike-photo-nas.s3.eu-central-1.amazonaws.com%2Fpresentations%2F2022STR20213678H%2Fres%2F270%2F270_img_0001.jpg&w=1536&q=100",
      "https://rebike.com/_next/image?url=https%3A%2F%2Frebike-photo-nas.s3.eu-central-1.amazonaws.com%2Fpresentations%2F2022STR20213678H%2Fres%2F270%2F270_img_0002.jpg&w=1536&q=100",
      "https://rebike.com/_next/image?url=https%3A%2F%2Frebike-photo-nas.s3.eu-central-1.amazonaws.com%2Fpresentations%2F2022STR20213678H%2Fres%2F270%2F270_img_0003.jpg&w=1536&q=100",
      "https://rebike.com/_next/image?url=https%3A%2F%2Frebike-photo-nas.s3.eu-central-1.amazonaws.com%2Fpresentations%2F2022STR20213678H%2Fres%2F270%2F270_img_0004.jpg&w=1536&q=100",
      "https://rebike.com/_next/image?url=https%3A%2F%2Frebike-photo-nas.s3.eu-central-1.amazonaws.com%2Fpresentations%2F2022STR20213678H%2Fres%2F270%2F270_img_0005.jpg&w=1536&q=100"
    ],
    "description": "Stromer ST1 Sport S-Pedelecs 618 Wh. Wir versenden alle unsere E-Bike vormontiert. Du musst lediglich deinen Lenker gerade stellen, Sitzhöhe an deine Körpergröße anpassen und die Pedale anschrauben. Passendes Werkzeug liegt natürlich dabei.",
    "specifications": {
      "Zustand": "fabrikneu",
      "Modelljahr": "2022",
      "Laufleistung Motor": "0 km",
      "Rahmenhöhe": "M",
      "Passende Körpergröße": "165-178cm"
    },
    "originalBasePriceEur": 5168,
    "currentBasePriceEur": 3299,
    "priceRub": "3299 €",
    "originalPriceRub": "5168 €",
    "originalPriceEur": "5.168 €",
    "currentPriceEur": "3.299 €",
    "discountPercent": 36,
    "id": "229882"
  },
  {
    "title": "Stromer ST1 Sport S-Pedelecs 618 Wh",
    "currentPrice": "3.299 €",
    "originalPrice": "5.168 €",
    "url": "https://rebike.com/de/stromer-st1-sport-lci-s-pedelec-2022-light-grey?number=232808",
    "imageUrl": "https://rebike.com/_next/image?url=https%3A%2F%2Frebike-photo-nas.s3.eu-central-1.amazonaws.com%2Fpresentations%2F2022STR20213678H%2Fres%2F840%2F840_img_0001.jpg&w=1536&q=100",
    "category": "speed",
    "parsedAt": "2025-08-15T01:22:54.019Z",
    "images": [
      "https://rebike.com/_next/image?url=https%3A%2F%2Frebike-photo-nas.s3.eu-central-1.amazonaws.com%2Fpresentations%2F2022STR20213678H%2Fres%2F1284%2F1284_img_0001.jpg&w=1536&q=100",
      "https://rebike.com/_next/image?url=https%3A%2F%2Frebike-photo-nas.s3.eu-central-1.amazonaws.com%2Fpresentations%2F2022STR20213678H%2Fres%2F1284%2F1284_img_0002.jpg&w=1536&q=100",
      "https://rebike.com/_next/image?url=https%3A%2F%2Frebike-photo-nas.s3.eu-central-1.amazonaws.com%2Fpresentations%2F2022STR20213678H%2Fres%2F1284%2F1284_img_0003.jpg&w=1536&q=100",
      "https://rebike.com/_next/image?url=https%3A%2F%2Frebike-photo-nas.s3.eu-central-1.amazonaws.com%2Fpresentations%2F2022STR20213678H%2Fres%2F270%2F270_img_0001.jpg&w=1536&q=100",
      "https://rebike.com/_next/image?url=https%3A%2F%2Frebike-photo-nas.s3.eu-central-1.amazonaws.com%2Fpresentations%2F2022STR20213678H%2Fres%2F270%2F270_img_0002.jpg&w=1536&q=100",
      "https://rebike.com/_next/image?url=https%3A%2F%2Frebike-photo-nas.s3.eu-central-1.amazonaws.com%2Fpresentations%2F2022STR20213678H%2Fres%2F270%2F270_img_0003.jpg&w=1536&q=100",
      "https://rebike.com/_next/image?url=https%3A%2F%2Frebike-photo-nas.s3.eu-central-1.amazonaws.com%2Fpresentations%2F2022STR20213678H%2Fres%2F270%2F270_img_0004.jpg&w=1536&q=100",
      "https://rebike.com/_next/image?url=https%3A%2F%2Frebike-photo-nas.s3.eu-central-1.amazonaws.com%2Fpresentations%2F2022STR20213678H%2Fres%2F270%2F270_img_0005.jpg&w=1536&q=100"
    ],
    "description": "Stromer ST1 Sport S-Pedelecs 618 Wh. Wir versenden alle unsere E-Bike vormontiert. Du musst lediglich deinen Lenker gerade stellen, Sitzhöhe an deine Körpergröße anpassen und die Pedale anschrauben. Passendes Werkzeug liegt natürlich dabei.",
    "specifications": {
      "Zustand": "fabrikneu",
      "Modelljahr": "2022",
      "Laufleistung Motor": "0 km",
      "Rahmenhöhe": "M",
      "Passende Körpergröße": "165-178cm"
    },
    "originalBasePriceEur": 5168,
    "currentBasePriceEur": 3299,
    "priceRub": "3299 €",
    "originalPriceRub": "5168 €",
    "originalPriceEur": "5.168 €",
    "currentPriceEur": "3.299 €",
    "discountPercent": 36,
    "id": "232808"
  },
  {
    "title": "Stromer ST1 Sport S-Pedelecs 618 Wh",
    "currentPrice": "3.299 €",
    "originalPrice": "5.168 €",
    "url": "https://rebike.com/de/stromer-st1-sport-lci-s-pedelec-2022-light-grey?number=232967",
    "imageUrl": "https://rebike.com/_next/image?url=https%3A%2F%2Frebike-photo-nas.s3.eu-central-1.amazonaws.com%2Fpresentations%2F2022STR20213678H%2Fres%2F840%2F840_img_0001.jpg&w=1536&q=100",
    "category": "speed",
    "parsedAt": "2025-08-15T01:22:54.019Z",
    "images": [
      "https://rebike.com/_next/image?url=https%3A%2F%2Frebike-photo-nas.s3.eu-central-1.amazonaws.com%2Fpresentations%2F2022STR20213678H%2Fres%2F1284%2F1284_img_0001.jpg&w=1536&q=100",
      "https://rebike.com/_next/image?url=https%3A%2F%2Frebike-photo-nas.s3.eu-central-1.amazonaws.com%2Fpresentations%2F2022STR20213678H%2Fres%2F1284%2F1284_img_0002.jpg&w=1536&q=100",
      "https://rebike.com/_next/image?url=https%3A%2F%2Frebike-photo-nas.s3.eu-central-1.amazonaws.com%2Fpresentations%2F2022STR20213678H%2Fres%2F1284%2F1284_img_0003.jpg&w=1536&q=100",
      "https://rebike.com/_next/image?url=https%3A%2F%2Frebike-photo-nas.s3.eu-central-1.amazonaws.com%2Fpresentations%2F2022STR20213678H%2Fres%2F270%2F270_img_0001.jpg&w=1536&q=100",
      "https://rebike.com/_next/image?url=https%3A%2F%2Frebike-photo-nas.s3.eu-central-1.amazonaws.com%2Fpresentations%2F2022STR20213678H%2Fres%2F270%2F270_img_0002.jpg&w=1536&q=100",
      "https://rebike.com/_next/image?url=https%3A%2F%2Frebike-photo-nas.s3.eu-central-1.amazonaws.com%2Fpresentations%2F2022STR20213678H%2Fres%2F270%2F270_img_0003.jpg&w=1536&q=100",
      "https://rebike.com/_next/image?url=https%3A%2F%2Frebike-photo-nas.s3.eu-central-1.amazonaws.com%2Fpresentations%2F2022STR20213678H%2Fres%2F270%2F270_img_0004.jpg&w=1536&q=100",
      "https://rebike.com/_next/image?url=https%3A%2F%2Frebike-photo-nas.s3.eu-central-1.amazonaws.com%2Fpresentations%2F2022STR20213678H%2Fres%2F270%2F270_img_0005.jpg&w=1536&q=100"
    ],
    "description": "Stromer ST1 Sport S-Pedelecs 618 Wh. Wir versenden alle unsere E-Bike vormontiert. Du musst lediglich deinen Lenker gerade stellen, Sitzhöhe an deine Körpergröße anpassen und die Pedale anschrauben. Passendes Werkzeug liegt natürlich dabei.",
    "specifications": {
      "Zustand": "fabrikneu",
      "Modelljahr": "2022",
      "Laufleistung Motor": "0 km",
      "Rahmenhöhe": "M",
      "Passende Körpergröße": "165-178cm"
    },
    "originalBasePriceEur": 5168,
    "currentBasePriceEur": 3299,
    "priceRub": "3299 €",
    "originalPriceRub": "5168 €",
    "originalPriceEur": "5.168 €",
    "currentPriceEur": "3.299 €",
    "discountPercent": 36,
    "id": "232967"
  },
  {
    "title": "Stromer ST1 Sport S-Pedelecs 655 Wh",
    "currentPrice": "3.299 €",
    "originalPrice": "5.628 €",
    "url": "https://rebike.com/de/stromer-st1-sport-lci-launch-edition-2022-dark?number=232394",
    "imageUrl": "https://rebike.com/_next/image?url=https%3A%2F%2Frebike-photo-nas.s3.eu-central-1.amazonaws.com%2Fpresentations%2F2022STR20213677H%2Fres%2F840%2F840_img_0001.jpg&w=1536&q=100",
    "category": "speed",
    "parsedAt": "2025-08-15T01:22:54.019Z",
    "images": [
      "https://rebike.com/_next/image?url=https%3A%2F%2Frebike-photo-nas.s3.eu-central-1.amazonaws.com%2Fpresentations%2F2022STR20213677H%2Fres%2F1284%2F1284_img_0001.jpg&w=1536&q=100",
      "https://rebike.com/_next/image?url=https%3A%2F%2Frebike-photo-nas.s3.eu-central-1.amazonaws.com%2Fpresentations%2F2022STR20213677H%2Fres%2F1284%2F1284_img_0002.jpg&w=1536&q=100",
      "https://rebike.com/_next/image?url=https%3A%2F%2Frebike-photo-nas.s3.eu-central-1.amazonaws.com%2Fpresentations%2F2022STR20213677H%2Fres%2F1284%2F1284_img_0003.jpg&w=1536&q=100",
      "https://rebike.com/_next/image?url=https%3A%2F%2Frebike-photo-nas.s3.eu-central-1.amazonaws.com%2Fpresentations%2F2022STR20213677H%2Fres%2F270%2F270_img_0001.jpg&w=1536&q=100",
      "https://rebike.com/_next/image?url=https%3A%2F%2Frebike-photo-nas.s3.eu-central-1.amazonaws.com%2Fpresentations%2F2022STR20213677H%2Fres%2F270%2F270_img_0002.jpg&w=1536&q=100",
      "https://rebike.com/_next/image?url=https%3A%2F%2Frebike-photo-nas.s3.eu-central-1.amazonaws.com%2Fpresentations%2F2022STR20213677H%2Fres%2F270%2F270_img_0003.jpg&w=1536&q=100",
      "https://rebike.com/_next/image?url=https%3A%2F%2Frebike-photo-nas.s3.eu-central-1.amazonaws.com%2Fpresentations%2F2022STR20213677H%2Fres%2F270%2F270_img_0004.jpg&w=1536&q=100",
      "https://rebike.com/_next/image?url=https%3A%2F%2Frebike-photo-nas.s3.eu-central-1.amazonaws.com%2Fpresentations%2F2022STR20213677H%2Fres%2F270%2F270_img_0005.jpg&w=1536&q=100"
    ],
    "description": "Stromer ST1 Sport S-Pedelecs 655 Wh. Wir versenden alle unsere E-Bike vormontiert. Du musst lediglich deinen Lenker gerade stellen, Sitzhöhe an deine Körpergröße anpassen und die Pedale anschrauben. Passendes Werkzeug liegt natürlich dabei.",
    "specifications": {
      "Modelljahr": "2022",
      "Laufleistung Motor": "0 km",
      "Rahmenhöhe": "M",
      "Passende Körpergröße": "165-178cm"
    },
    "originalBasePriceEur": 5628,
    "currentBasePriceEur": 3299,
    "priceRub": "3299 €",
    "originalPriceRub": "5628 €",
    "originalPriceEur": "5.628 €",
    "currentPriceEur": "3.299 €",
    "discountPercent": 41,
    "id": "232394"
  },
  {
    "title": "Stromer ST1 Comfort S-Pedelecs 618 Wh",
    "currentPrice": "3.299 €",
    "originalPrice": "5.168 €",
    "url": "https://rebike.com/de/stromer-st1-comfort-s-pedelec-2022-618-wh-229883?number=229883",
    "imageUrl": "https://rebike.com/_next/image?url=https%3A%2F%2Frebike-photo-nas.s3.eu-central-1.amazonaws.com%2Fpresentations%2F2022STR10043678D%2Fres%2F840%2F840_img_0001.jpg&w=1536&q=100",
    "category": "speed",
    "parsedAt": "2025-08-15T01:22:54.019Z",
    "images": [
      "https://rebike.com/_next/image?url=https%3A%2F%2Frebike-photo-nas.s3.eu-central-1.amazonaws.com%2Fpresentations%2F2022STR10043678D%2Fres%2F1284%2F1284_img_0001.jpg&w=1536&q=100",
      "https://rebike.com/_next/image?url=https%3A%2F%2Frebike-photo-nas.s3.eu-central-1.amazonaws.com%2Fpresentations%2F2022STR10043678D%2Fres%2F1284%2F1284_img_0002.jpg&w=1536&q=100",
      "https://rebike.com/_next/image?url=https%3A%2F%2Frebike-photo-nas.s3.eu-central-1.amazonaws.com%2Fpresentations%2F2022STR10043678D%2Fres%2F1284%2F1284_img_0003.jpg&w=1536&q=100",
      "https://rebike.com/_next/image?url=https%3A%2F%2Frebike-photo-nas.s3.eu-central-1.amazonaws.com%2Fpresentations%2F2022STR10043678D%2Fres%2F270%2F270_img_0001.jpg&w=1536&q=100",
      "https://rebike.com/_next/image?url=https%3A%2F%2Frebike-photo-nas.s3.eu-central-1.amazonaws.com%2Fpresentations%2F2022STR10043678D%2Fres%2F270%2F270_img_0002.jpg&w=1536&q=100",
      "https://rebike.com/_next/image?url=https%3A%2F%2Frebike-photo-nas.s3.eu-central-1.amazonaws.com%2Fpresentations%2F2022STR10043678D%2Fres%2F270%2F270_img_0003.jpg&w=1536&q=100",
      "https://rebike.com/_next/image?url=https%3A%2F%2Frebike-photo-nas.s3.eu-central-1.amazonaws.com%2Fpresentations%2F2022STR10043678D%2Fres%2F270%2F270_img_0004.jpg&w=1536&q=100",
      "https://rebike.com/_next/image?url=https%3A%2F%2Frebike-photo-nas.s3.eu-central-1.amazonaws.com%2Fpresentations%2F2022STR10043678D%2Fres%2F270%2F270_img_0005.jpg&w=1536&q=100"
    ],
    "description": "Stromer ST1 Comfort S-Pedelecs 618 Wh. Wir versenden alle unsere E-Bike vormontiert. Du musst lediglich deinen Lenker gerade stellen, Sitzhöhe an deine Körpergröße anpassen und die Pedale anschrauben. Passendes Werkzeug liegt natürlich dabei.",
    "specifications": {
      "Modelljahr": "2022",
      "Laufleistung Motor": "0 km",
      "Rahmenhöhe": "M",
      "Passende Körpergröße": "165-178cm"
    },
    "originalBasePriceEur": 5168,
    "currentBasePriceEur": 3299,
    "priceRub": "3299 €",
    "originalPriceRub": "5168 €",
    "originalPriceEur": "5.168 €",
    "currentPriceEur": "3.299 €",
    "discountPercent": 36,
    "id": "229883"
  },
  {
    "title": "Stromer ST1 Comfort S-Pedelecs 655 Wh",
    "currentPrice": "3.369 €",
    "originalPrice": "5.228 €",
    "url": "https://rebike.com/de/stromer-st1-comfort-s-pedelec-2022-deep-petrol-618?number=232385",
    "imageUrl": "https://rebike.com/_next/image?url=https%3A%2F%2Frebike-photo-nas.s3.eu-central-1.amazonaws.com%2Fpresentations%2F2022STR20083679D%2Fres%2F840%2F840_img_0001.jpg&w=1536&q=100",
    "category": "speed",
    "parsedAt": "2025-08-15T01:22:54.019Z",
    "images": [
      "https://rebike.com/_next/image?url=https%3A%2F%2Frebike-photo-nas.s3.eu-central-1.amazonaws.com%2Fpresentations%2F2022STR20083679D%2Fres%2F1284%2F1284_img_0001.jpg&w=1536&q=100",
      "https://rebike.com/_next/image?url=https%3A%2F%2Frebike-photo-nas.s3.eu-central-1.amazonaws.com%2Fpresentations%2F2022STR20083679D%2Fres%2F1284%2F1284_img_0002.jpg&w=1536&q=100",
      "https://rebike.com/_next/image?url=https%3A%2F%2Frebike-photo-nas.s3.eu-central-1.amazonaws.com%2Fpresentations%2F2022STR20083679D%2Fres%2F1284%2F1284_img_0003.jpg&w=1536&q=100",
      "https://rebike.com/_next/image?url=https%3A%2F%2Frebike-photo-nas.s3.eu-central-1.amazonaws.com%2Fpresentations%2F2022STR20083679D%2Fres%2F270%2F270_img_0001.jpg&w=1536&q=100",
      "https://rebike.com/_next/image?url=https%3A%2F%2Frebike-photo-nas.s3.eu-central-1.amazonaws.com%2Fpresentations%2F2022STR20083679D%2Fres%2F270%2F270_img_0002.jpg&w=1536&q=100",
      "https://rebike.com/_next/image?url=https%3A%2F%2Frebike-photo-nas.s3.eu-central-1.amazonaws.com%2Fpresentations%2F2022STR20083679D%2Fres%2F270%2F270_img_0003.jpg&w=1536&q=100",
      "https://rebike.com/_next/image?url=https%3A%2F%2Frebike-photo-nas.s3.eu-central-1.amazonaws.com%2Fpresentations%2F2022STR20083679D%2Fres%2F270%2F270_img_0004.jpg&w=1536&q=100",
      "https://rebike.com/_next/image?url=https%3A%2F%2Frebike-photo-nas.s3.eu-central-1.amazonaws.com%2Fpresentations%2F2022STR20083679D%2Fres%2F270%2F270_img_0005.jpg&w=1536&q=100"
    ],
    "description": "Stromer ST1 Comfort S-Pedelecs 655 Wh. Wir versenden alle unsere E-Bike vormontiert. Du musst lediglich deinen Lenker gerade stellen, Sitzhöhe an deine Körpergröße anpassen und die Pedale anschrauben. Passendes Werkzeug liegt natürlich dabei.",
    "specifications": {
      "Zustand": "fabrikneu",
      "Modelljahr": "2022",
      "Laufleistung Motor": "0 km",
      "Rahmenhöhe": "M",
      "Passende Körpergröße": "165-178cm"
    },
    "originalBasePriceEur": 5228,
    "currentBasePriceEur": 3369,
    "priceRub": "3369 €",
    "originalPriceRub": "5228 €",
    "originalPriceEur": "5.228 €",
    "currentPriceEur": "3.369 €",
    "discountPercent": 36,
    "id": "232385"
  },
  {
    "title": "Stromer ST1 Comfort S-Pedelecs 655 Wh",
    "currentPrice": "3.369 €",
    "originalPrice": "5.228 €",
    "url": "https://rebike.com/de/stromer-st1-comfort-s-pedelec-2022-deep-petrol-618?number=232971",
    "imageUrl": "https://rebike.com/_next/image?url=https%3A%2F%2Frebike-photo-nas.s3.eu-central-1.amazonaws.com%2Fpresentations%2F2022STR20083679D%2Fres%2F840%2F840_img_0001.jpg&w=1536&q=100",
    "category": "speed",
    "parsedAt": "2025-08-15T01:22:54.019Z",
    "images": [
      "https://rebike.com/_next/image?url=https%3A%2F%2Frebike-photo-nas.s3.eu-central-1.amazonaws.com%2Fpresentations%2F2022STR20083679D%2Fres%2F1284%2F1284_img_0001.jpg&w=1536&q=100",
      "https://rebike.com/_next/image?url=https%3A%2F%2Frebike-photo-nas.s3.eu-central-1.amazonaws.com%2Fpresentations%2F2022STR20083679D%2Fres%2F1284%2F1284_img_0002.jpg&w=1536&q=100",
      "https://rebike.com/_next/image?url=https%3A%2F%2Frebike-photo-nas.s3.eu-central-1.amazonaws.com%2Fpresentations%2F2022STR20083679D%2Fres%2F1284%2F1284_img_0003.jpg&w=1536&q=100",
      "https://rebike.com/_next/image?url=https%3A%2F%2Frebike-photo-nas.s3.eu-central-1.amazonaws.com%2Fpresentations%2F2022STR20083679D%2Fres%2F270%2F270_img_0001.jpg&w=1536&q=100",
      "https://rebike.com/_next/image?url=https%3A%2F%2Frebike-photo-nas.s3.eu-central-1.amazonaws.com%2Fpresentations%2F2022STR20083679D%2Fres%2F270%2F270_img_0002.jpg&w=1536&q=100",
      "https://rebike.com/_next/image?url=https%3A%2F%2Frebike-photo-nas.s3.eu-central-1.amazonaws.com%2Fpresentations%2F2022STR20083679D%2Fres%2F270%2F270_img_0003.jpg&w=1536&q=100",
      "https://rebike.com/_next/image?url=https%3A%2F%2Frebike-photo-nas.s3.eu-central-1.amazonaws.com%2Fpresentations%2F2022STR20083679D%2Fres%2F270%2F270_img_0004.jpg&w=1536&q=100",
      "https://rebike.com/_next/image?url=https%3A%2F%2Frebike-photo-nas.s3.eu-central-1.amazonaws.com%2Fpresentations%2F2022STR20083679D%2Fres%2F270%2F270_img_0005.jpg&w=1536&q=100"
    ],
    "description": "Stromer ST1 Comfort S-Pedelecs 655 Wh. Wir versenden alle unsere E-Bike vormontiert. Du musst lediglich deinen Lenker gerade stellen, Sitzhöhe an deine Körpergröße anpassen und die Pedale anschrauben. Passendes Werkzeug liegt natürlich dabei.",
    "specifications": {
      "Zustand": "fabrikneu",
      "Modelljahr": "2022",
      "Laufleistung Motor": "0 km",
      "Rahmenhöhe": "M",
      "Passende Körpergröße": "165-178cm"
    },
    "originalBasePriceEur": 5228,
    "currentBasePriceEur": 3369,
    "priceRub": "3369 €",
    "originalPriceRub": "5228 €",
    "originalPriceEur": "5.228 €",
    "currentPriceEur": "3.369 €",
    "discountPercent": 36,
    "id": "232971"
  },
  {
    "title": "Stromer ST1 Sport S-Pedelecs 655 Wh",
    "currentPrice": "3.369 €",
    "originalPrice": "5.688 €",
    "url": "https://rebike.com/de/stromer-st1-sport-lci-launch-edition-2022-petrol?number=232970",
    "imageUrl": "https://rebike.com/_next/image?url=https%3A%2F%2Frebike-photo-nas.s3.eu-central-1.amazonaws.com%2Fpresentations%2F2022STR20213679H%2Fres%2F840%2F840_img_0001.jpg&w=1536&q=100",
    "category": "speed",
    "parsedAt": "2025-08-15T01:22:54.019Z",
    "images": [
      "https://rebike.com/_next/image?url=https%3A%2F%2Frebike-photo-nas.s3.eu-central-1.amazonaws.com%2Fpresentations%2F2022STR20213679H%2Fres%2F1284%2F1284_img_0001.jpg&w=1536&q=100",
      "https://rebike.com/_next/image?url=https%3A%2F%2Frebike-photo-nas.s3.eu-central-1.amazonaws.com%2Fpresentations%2F2022STR20213679H%2Fres%2F1284%2F1284_img_0002.jpg&w=1536&q=100",
      "https://rebike.com/_next/image?url=https%3A%2F%2Frebike-photo-nas.s3.eu-central-1.amazonaws.com%2Fpresentations%2F2022STR20213679H%2Fres%2F1284%2F1284_img_0003.jpg&w=1536&q=100",
      "https://rebike.com/_next/image?url=https%3A%2F%2Frebike-photo-nas.s3.eu-central-1.amazonaws.com%2Fpresentations%2F2022STR20213679H%2Fres%2F270%2F270_img_0001.jpg&w=1536&q=100",
      "https://rebike.com/_next/image?url=https%3A%2F%2Frebike-photo-nas.s3.eu-central-1.amazonaws.com%2Fpresentations%2F2022STR20213679H%2Fres%2F270%2F270_img_0002.jpg&w=1536&q=100",
      "https://rebike.com/_next/image?url=https%3A%2F%2Frebike-photo-nas.s3.eu-central-1.amazonaws.com%2Fpresentations%2F2022STR20213679H%2Fres%2F270%2F270_img_0003.jpg&w=1536&q=100",
      "https://rebike.com/_next/image?url=https%3A%2F%2Frebike-photo-nas.s3.eu-central-1.amazonaws.com%2Fpresentations%2F2022STR20213679H%2Fres%2F270%2F270_img_0004.jpg&w=1536&q=100",
      "https://rebike.com/_next/image?url=https%3A%2F%2Frebike-photo-nas.s3.eu-central-1.amazonaws.com%2Fpresentations%2F2022STR20213679H%2Fres%2F270%2F270_img_0005.jpg&w=1536&q=100"
    ],
    "description": "Stromer ST1 Sport S-Pedelecs 655 Wh. Wir versenden alle unsere E-Bike vormontiert. Du musst lediglich deinen Lenker gerade stellen, Sitzhöhe an deine Körpergröße anpassen und die Pedale anschrauben. Passendes Werkzeug liegt natürlich dabei.",
    "specifications": {
      "Modelljahr": "2022",
      "Laufleistung Motor": "0 km",
      "Rahmenhöhe": "M",
      "Passende Körpergröße": "165-178cm"
    },
    "originalBasePriceEur": 5688,
    "currentBasePriceEur": 3369,
    "priceRub": "3369 €",
    "originalPriceRub": "5688 €",
    "originalPriceEur": "5.688 €",
    "currentPriceEur": "3.369 €",
    "discountPercent": 41,
    "id": "232970"
  },
  {
    "title": "Stromer ST1 Sport S-Pedelecs 655 Wh",
    "currentPrice": "3.369 €",
    "originalPrice": "5.688 €",
    "url": "https://rebike.com/de/stromer-st1-sport-lci-launch-edition-2022-petrol?number=232390",
    "imageUrl": "https://rebike.com/_next/image?url=https%3A%2F%2Frebike-photo-nas.s3.eu-central-1.amazonaws.com%2Fpresentations%2F2022STR20213679H%2Fres%2F840%2F840_img_0001.jpg&w=1536&q=100",
    "category": "speed",
    "parsedAt": "2025-08-15T01:22:54.019Z",
    "images": [
      "https://rebike.com/_next/image?url=https%3A%2F%2Frebike-photo-nas.s3.eu-central-1.amazonaws.com%2Fpresentations%2F2022STR20213679H%2Fres%2F1284%2F1284_img_0001.jpg&w=1536&q=100",
      "https://rebike.com/_next/image?url=https%3A%2F%2Frebike-photo-nas.s3.eu-central-1.amazonaws.com%2Fpresentations%2F2022STR20213679H%2Fres%2F1284%2F1284_img_0002.jpg&w=1536&q=100",
      "https://rebike.com/_next/image?url=https%3A%2F%2Frebike-photo-nas.s3.eu-central-1.amazonaws.com%2Fpresentations%2F2022STR20213679H%2Fres%2F1284%2F1284_img_0003.jpg&w=1536&q=100",
      "https://rebike.com/_next/image?url=https%3A%2F%2Frebike-photo-nas.s3.eu-central-1.amazonaws.com%2Fpresentations%2F2022STR20213679H%2Fres%2F270%2F270_img_0001.jpg&w=1536&q=100",
      "https://rebike.com/_next/image?url=https%3A%2F%2Frebike-photo-nas.s3.eu-central-1.amazonaws.com%2Fpresentations%2F2022STR20213679H%2Fres%2F270%2F270_img_0002.jpg&w=1536&q=100",
      "https://rebike.com/_next/image?url=https%3A%2F%2Frebike-photo-nas.s3.eu-central-1.amazonaws.com%2Fpresentations%2F2022STR20213679H%2Fres%2F270%2F270_img_0003.jpg&w=1536&q=100",
      "https://rebike.com/_next/image?url=https%3A%2F%2Frebike-photo-nas.s3.eu-central-1.amazonaws.com%2Fpresentations%2F2022STR20213679H%2Fres%2F270%2F270_img_0004.jpg&w=1536&q=100",
      "https://rebike.com/_next/image?url=https%3A%2F%2Frebike-photo-nas.s3.eu-central-1.amazonaws.com%2Fpresentations%2F2022STR20213679H%2Fres%2F270%2F270_img_0005.jpg&w=1536&q=100"
    ],
    "description": "Stromer ST1 Sport S-Pedelecs 655 Wh. Wir versenden alle unsere E-Bike vormontiert. Du musst lediglich deinen Lenker gerade stellen, Sitzhöhe an deine Körpergröße anpassen und die Pedale anschrauben. Passendes Werkzeug liegt natürlich dabei.",
    "specifications": {
      "Modelljahr": "2022",
      "Laufleistung Motor": "0 km",
      "Rahmenhöhe": "M",
      "Passende Körpergröße": "165-178cm"
    },
    "originalBasePriceEur": 5688,
    "currentBasePriceEur": 3369,
    "priceRub": "3369 €",
    "originalPriceRub": "5688 €",
    "originalPriceEur": "5.688 €",
    "currentPriceEur": "3.369 €",
    "discountPercent": 41,
    "id": "232390"
  },
  {
    "title": "Stromer ST1 Sport S-Pedelecs 655 Wh",
    "currentPrice": "3.699 €",
    "originalPrice": "5.688 €",
    "url": "https://rebike.com/de/stromer-st1-sport-lci-launch-edition-2022-petrol?number=223377",
    "imageUrl": "https://rebike.com/_next/image?url=https%3A%2F%2Frebike-photo-nas.s3.eu-central-1.amazonaws.com%2Fpresentations%2F223377%2Fres%2F840%2F840_img_0001.jpg&w=1536&q=100",
    "category": "speed",
    "parsedAt": "2025-08-15T01:22:54.019Z",
    "images": [
      "https://rebike.com/_next/image?url=https%3A%2F%2Frebike-photo-nas.s3.eu-central-1.amazonaws.com%2Fpresentations%2F223377%2Fres%2F1284%2F1284_img_0001.jpg&w=1536&q=100",
      "https://rebike.com/_next/image?url=https%3A%2F%2Frebike-photo-nas.s3.eu-central-1.amazonaws.com%2Fpresentations%2F223377%2Fres%2F1284%2F1284_img_0002.jpg&w=1536&q=100",
      "https://rebike.com/_next/image?url=https%3A%2F%2Frebike-photo-nas.s3.eu-central-1.amazonaws.com%2Fpresentations%2F223377%2Fres%2F1284%2F1284_img_0003.jpg&w=1536&q=100",
      "https://rebike.com/_next/image?url=https%3A%2F%2Frebike-photo-nas.s3.eu-central-1.amazonaws.com%2Fpresentations%2F223377%2Fres%2F270%2F270_img_0001.jpg&w=1536&q=100",
      "https://rebike.com/_next/image?url=https%3A%2F%2Frebike-photo-nas.s3.eu-central-1.amazonaws.com%2Fpresentations%2F223377%2Fres%2F270%2F270_img_0002.jpg&w=1536&q=100",
      "https://rebike.com/_next/image?url=https%3A%2F%2Frebike-photo-nas.s3.eu-central-1.amazonaws.com%2Fpresentations%2F223377%2Fres%2F270%2F270_img_0003.jpg&w=1536&q=100",
      "https://rebike.com/_next/image?url=https%3A%2F%2Frebike-photo-nas.s3.eu-central-1.amazonaws.com%2Fpresentations%2F223377%2Fres%2F270%2F270_img_0004.jpg&w=1536&q=100",
      "https://rebike.com/_next/image?url=https%3A%2F%2Frebike-photo-nas.s3.eu-central-1.amazonaws.com%2Fpresentations%2F223377%2Fres%2F270%2F270_img_0005.jpg&w=1536&q=100"
    ],
    "description": "Stromer ST1 Sport S-Pedelecs 655 Wh. Wir versenden alle unsere E-Bike vormontiert. Du musst lediglich deinen Lenker gerade stellen, Sitzhöhe an deine Körpergröße anpassen und die Pedale anschrauben. Passendes Werkzeug liegt natürlich dabei.",
    "specifications": {
      "Artikel-Nr": "223377",
      "Akku": "Stromer BQ814",
      "Akku Kapazität": "655 Wh",
      "Akku Position": "Intube Akku",
      "Bremse hinten": "Stromer HD922 by TRP",
      "Bremse vorne": "Stromer HD922 by TRP"
    },
    "originalBasePriceEur": 5688,
    "currentBasePriceEur": 3699,
    "priceRub": "3699 €",
    "originalPriceRub": "5688 €",
    "originalPriceEur": "5.688 €",
    "currentPriceEur": "3.699 €",
    "discountPercent": 35,
    "id": "223377"
  },
  {
    "title": "Stromer ST1 Sport S-Pedelec 2022 814 Wh",
    "currentPrice": "3.869 €",
    "originalPrice": "5.150 €",
    "url": "https://rebike.com/de/stromer-st1-sport-s-pedelec-dark-grey-2022-814?number=223669",
    "imageUrl": "https://rebike.com/_next/image?url=https%3A%2F%2Frebike-photo-nas.s3.eu-central-1.amazonaws.com%2Fpresentations%2F223669%2Fres%2F840%2F840_img_0001.jpg&w=1536&q=100",
    "category": "speed",
    "parsedAt": "2025-08-15T01:22:54.019Z",
    "images": [
      "https://rebike.com/_next/image?url=https%3A%2F%2Frebike-photo-nas.s3.eu-central-1.amazonaws.com%2Fpresentations%2F223669%2Fres%2F1284%2F1284_img_0001.jpg&w=1536&q=100",
      "https://rebike.com/_next/image?url=https%3A%2F%2Frebike-photo-nas.s3.eu-central-1.amazonaws.com%2Fpresentations%2F223669%2Fres%2F1284%2F1284_img_0002.jpg&w=1536&q=100",
      "https://rebike.com/_next/image?url=https%3A%2F%2Frebike-photo-nas.s3.eu-central-1.amazonaws.com%2Fpresentations%2F223669%2Fres%2F1284%2F1284_img_0003.jpg&w=1536&q=100",
      "https://rebike.com/_next/image?url=https%3A%2F%2Frebike-photo-nas.s3.eu-central-1.amazonaws.com%2Fpresentations%2F223669%2Fres%2F270%2F270_img_0001.jpg&w=1536&q=100",
      "https://rebike.com/_next/image?url=https%3A%2F%2Frebike-photo-nas.s3.eu-central-1.amazonaws.com%2Fpresentations%2F223669%2Fres%2F270%2F270_img_0002.jpg&w=1536&q=100",
      "https://rebike.com/_next/image?url=https%3A%2F%2Frebike-photo-nas.s3.eu-central-1.amazonaws.com%2Fpresentations%2F223669%2Fres%2F270%2F270_img_0003.jpg&w=1536&q=100",
      "https://rebike.com/_next/image?url=https%3A%2F%2Frebike-photo-nas.s3.eu-central-1.amazonaws.com%2Fpresentations%2F223669%2Fres%2F270%2F270_img_0004.jpg&w=1536&q=100",
      "https://rebike.com/_next/image?url=https%3A%2F%2Frebike-photo-nas.s3.eu-central-1.amazonaws.com%2Fpresentations%2F223669%2Fres%2F270%2F270_img_0005.jpg&w=1536&q=100"
    ],
    "description": "Stromer ST1 Sport S-Pedelec 2022 814 Wh. Wir versenden alle unsere E-Bike vormontiert. Du musst lediglich deinen Lenker gerade stellen, Sitzhöhe an deine Körpergröße anpassen und die Pedale anschrauben. Passendes Werkzeug liegt natürlich dabei.",
    "specifications": {
      "Artikel-Nr": "223669",
      "Akku": "BQ814",
      "Akku Kapazität": "814 Wh",
      "Akku Position": "Intube Akku",
      "Bremse hinten": "Stromer HD922 by Tektro",
      "Bremse vorne": "Stromer HD922 by Tektro"
    },
    "originalBasePriceEur": 5150,
    "currentBasePriceEur": 3869,
    "priceRub": "3869 €",
    "originalPriceRub": "5150 €",
    "originalPriceEur": "5.150 €",
    "currentPriceEur": "3.869 €",
    "discountPercent": 25,
    "id": "223669"
  }
]