[
  {
    "title": "Bakfiets E- CargoBike Cruiser E-Lastenrad",
    "currentPrice": "2.839 €",
    "originalPrice": "4.250 €",
    "url": "https://rebike.com/de/bakfiets-e-cargobike-cruiser-e-lastenrad-275477?number=275477",
    "imageUrl": "https://rebike.com/_next/image?url=https%3A%2F%2Frebike-photo-nas.s3.eu-central-1.amazonaws.com%2Fpresentations%2F275477%2Fres%2F840%2F840_img_0001.jpg&w=1536&q=100",
    "category": "cargo",
    "parsedAt": "2025-08-15T01:21:20.502Z",
    "images": [
      "https://rebike.com/_next/image?url=https%3A%2F%2Frebike-photo-nas.s3.eu-central-1.amazonaws.com%2Fpresentations%2F275477%2Fres%2F1284%2F1284_img_0001.jpg&w=1536&q=100",
      "https://rebike.com/_next/image?url=https%3A%2F%2Frebike-photo-nas.s3.eu-central-1.amazonaws.com%2Fpresentations%2F275477%2Fres%2F1284%2F1284_img_0002.jpg&w=1536&q=100",
      "https://rebike.com/_next/image?url=https%3A%2F%2Frebike-photo-nas.s3.eu-central-1.amazonaws.com%2Fpresentations%2F275477%2Fres%2F1284%2F1284_img_0003.jpg&w=1536&q=100",
      "https://rebike.com/_next/image?url=https%3A%2F%2Frebike-photo-nas.s3.eu-central-1.amazonaws.com%2Fpresentations%2F275477%2Fres%2F270%2F270_img_0001.jpg&w=1536&q=100",
      "https://rebike.com/_next/image?url=https%3A%2F%2Frebike-photo-nas.s3.eu-central-1.amazonaws.com%2Fpresentations%2F275477%2Fres%2F270%2F270_img_0002.jpg&w=1536&q=100",
      "https://rebike.com/_next/image?url=https%3A%2F%2Frebike-photo-nas.s3.eu-central-1.amazonaws.com%2Fpresentations%2F275477%2Fres%2F270%2F270_img_0003.jpg&w=1536&q=100",
      "https://rebike.com/_next/image?url=https%3A%2F%2Frebike-photo-nas.s3.eu-central-1.amazonaws.com%2Fpresentations%2F275477%2Fres%2F270%2F270_img_0004.jpg&w=1536&q=100",
      "https://rebike.com/_next/image?url=https%3A%2F%2Frebike-photo-nas.s3.eu-central-1.amazonaws.com%2Fpresentations%2F275477%2Fres%2F270%2F270_img_0005.jpg&w=1536&q=100"
    ],
    "description": "Bakfiets E- CargoBike Cruiser E-Lastenrad. Wir versenden alle unsere E-Bike vormontiert. Du musst lediglich deinen Lenker gerade stellen, Sitzhöhe an deine Körpergröße anpassen und die Pedale anschrauben. Passendes Werkzeug liegt natürlich dabei.",
    "specifications": {
      "Artikel-Nr": "275477",
      "Akku": "Yamaha Rahmenakku",
      "Akku Kapazität": "504 Wh",
      "Akku Position": "Rahmenakku",
      "Bremse hinten": "Magura HS 11",
      "Bremse vorne": "Magura HS 11"
    },
    "originalBasePriceEur": 4250,
    "currentBasePriceEur": 2839,
    "priceRub": "2839 €",
    "originalPriceRub": "4250 €",
    "originalPriceEur": "4.250 €",
    "currentPriceEur": "2.839 €",
    "discountPercent": 33,
    "id": "275477"
  },
  {
    "title": "Johansson Bikes Gunnar",
    "currentPrice": "2.899 €",
    "originalPrice": "5.099 €",
    "url": "https://rebike.com/de/johansson-bikes-gunnar-e-lastenrad-2020?number=211726",
    "imageUrl": "https://rebike.com/_next/image?url=https%3A%2F%2Frebike-photo-nas.s3.eu-central-1.amazonaws.com%2Fpresentations%2F211726%2Fres%2F840%2F840_img_0001.jpg&w=1536&q=100",
    "category": "cargo",
    "parsedAt": "2025-08-15T01:21:20.502Z",
    "images": [
      "https://rebike.com/_next/image?url=https%3A%2F%2Frebike-photo-nas.s3.eu-central-1.amazonaws.com%2Fpresentations%2F211726%2Fres%2F1284%2F1284_img_0001.jpg&w=1536&q=100",
      "https://rebike.com/_next/image?url=https%3A%2F%2Frebike-photo-nas.s3.eu-central-1.amazonaws.com%2Fpresentations%2F211726%2Fres%2F1284%2F1284_img_0002.jpg&w=1536&q=100",
      "https://rebike.com/_next/image?url=https%3A%2F%2Frebike-photo-nas.s3.eu-central-1.amazonaws.com%2Fpresentations%2F211726%2Fres%2F1284%2F1284_img_0003.jpg&w=1536&q=100",
      "https://rebike.com/_next/image?url=https%3A%2F%2Frebike-photo-nas.s3.eu-central-1.amazonaws.com%2Fpresentations%2F211726%2Fres%2F270%2F270_img_0001.jpg&w=1536&q=100",
      "https://rebike.com/_next/image?url=https%3A%2F%2Frebike-photo-nas.s3.eu-central-1.amazonaws.com%2Fpresentations%2F211726%2Fres%2F270%2F270_img_0002.jpg&w=1536&q=100",
      "https://rebike.com/_next/image?url=https%3A%2F%2Frebike-photo-nas.s3.eu-central-1.amazonaws.com%2Fpresentations%2F211726%2Fres%2F270%2F270_img_0003.jpg&w=1536&q=100",
      "https://rebike.com/_next/image?url=https%3A%2F%2Frebike-photo-nas.s3.eu-central-1.amazonaws.com%2Fpresentations%2F211726%2Fres%2F270%2F270_img_0004.jpg&w=1536&q=100",
      "https://rebike.com/_next/image?url=https%3A%2F%2Frebike-photo-nas.s3.eu-central-1.amazonaws.com%2Fpresentations%2F211726%2Fres%2F270%2F270_img_0005.jpg&w=1536&q=100"
    ],
    "description": "Johansson Bikes Gunnar. Wir versenden alle unsere E-Bike vormontiert. Du musst lediglich deinen Lenker gerade stellen, Sitzhöhe an deine Körpergröße anpassen und die Pedale anschrauben. Passendes Werkzeug liegt natürlich dabei.",
    "specifications": {
      "Artikel-Nr": "211726",
      "Akku": "Unterrohr Akku",
      "Akku Kapazität": "522 Wh",
      "Akku Position": "Rahmenakku",
      "Display": "brose Allround Display",
      "Einstieg": "Hoch"
    },
    "originalBasePriceEur": 5099,
    "currentBasePriceEur": 2899,
    "priceRub": "2899 €",
    "originalPriceRub": "5099 €",
    "originalPriceEur": "5.099 €",
    "currentPriceEur": "2.899 €",
    "discountPercent": 43,
    "id": "211726"
  },
  {
    "title": "Johansson Bikes Gunnar",
    "currentPrice": "2.959 €",
    "originalPrice": "5.292 €",
    "url": "https://rebike.com/de/johansson-bikes-gunnar-e-lastenrad-242002?number=242002",
    "imageUrl": "https://rebike.com/_next/image?url=https%3A%2F%2Frebike-photo-nas.s3.eu-central-1.amazonaws.com%2Fpresentations%2F242002%2Fres%2F840%2F840_img_0001.jpg&w=1536&q=100",
    "category": "cargo",
    "parsedAt": "2025-08-15T01:21:20.502Z",
    "images": [
      "https://rebike.com/_next/image?url=https%3A%2F%2Frebike-photo-nas.s3.eu-central-1.amazonaws.com%2Fpresentations%2F242002%2Fres%2F1284%2F1284_img_0001.jpg&w=1536&q=100",
      "https://rebike.com/_next/image?url=https%3A%2F%2Frebike-photo-nas.s3.eu-central-1.amazonaws.com%2Fpresentations%2F242002%2Fres%2F1284%2F1284_img_0002.jpg&w=1536&q=100",
      "https://rebike.com/_next/image?url=https%3A%2F%2Frebike-photo-nas.s3.eu-central-1.amazonaws.com%2Fpresentations%2F242002%2Fres%2F1284%2F1284_img_0003.jpg&w=1536&q=100",
      "https://rebike.com/_next/image?url=https%3A%2F%2Frebike-photo-nas.s3.eu-central-1.amazonaws.com%2Fpresentations%2F242002%2Fres%2F270%2F270_img_0001.jpg&w=1536&q=100",
      "https://rebike.com/_next/image?url=https%3A%2F%2Frebike-photo-nas.s3.eu-central-1.amazonaws.com%2Fpresentations%2F242002%2Fres%2F270%2F270_img_0002.jpg&w=1536&q=100",
      "https://rebike.com/_next/image?url=https%3A%2F%2Frebike-photo-nas.s3.eu-central-1.amazonaws.com%2Fpresentations%2F242002%2Fres%2F270%2F270_img_0003.jpg&w=1536&q=100",
      "https://rebike.com/_next/image?url=https%3A%2F%2Frebike-photo-nas.s3.eu-central-1.amazonaws.com%2Fpresentations%2F242002%2Fres%2F270%2F270_img_0004.jpg&w=1536&q=100",
      "https://rebike.com/_next/image?url=https%3A%2F%2Frebike-photo-nas.s3.eu-central-1.amazonaws.com%2Fpresentations%2F242002%2Fres%2F270%2F270_img_0005.jpg&w=1536&q=100"
    ],
    "description": "Johansson Bikes Gunnar. Wir versenden alle unsere E-Bike vormontiert. Du musst lediglich deinen Lenker gerade stellen, Sitzhöhe an deine Körpergröße anpassen und die Pedale anschrauben. Passendes Werkzeug liegt natürlich dabei.",
    "specifications": {
      "Artikel-Nr": "242002",
      "Akku": "Unterrohr Akku",
      "Akku Kapazität": "522 Wh",
      "Akku Position": "Rahmenakku",
      "Bremse hinten": "Tektro",
      "Bremse vorne": "Tektro"
    },
    "originalBasePriceEur": 5292,
    "currentBasePriceEur": 2959,
    "priceRub": "2959 €",
    "originalPriceRub": "5292 €",
    "originalPriceEur": "5.292 €",
    "currentPriceEur": "2.959 €",
    "discountPercent": 44,
    "id": "242002"
  },
  {
    "title": "Johansson Bikes Gunnar E-Lastenrad E-Lastenrad",
    "currentPrice": "3.089 €",
    "originalPrice": "4.906 €",
    "url": "https://rebike.com/de/johansson-bikes-gunnar-e-lastenrad-2021?number=211784",
    "imageUrl": "https://rebike.com/_next/image?url=https%3A%2F%2Frebike-photo-nas.s3.eu-central-1.amazonaws.com%2Fpresentations%2F211784%2Fres%2F840%2F840_img_0001.jpg&w=1536&q=100",
    "category": "cargo",
    "parsedAt": "2025-08-15T01:21:20.502Z",
    "images": [
      "https://rebike.com/_next/image?url=https%3A%2F%2Frebike-photo-nas.s3.eu-central-1.amazonaws.com%2Fpresentations%2F211784%2Fres%2F1284%2F1284_img_0001.jpg&w=1536&q=100",
      "https://rebike.com/_next/image?url=https%3A%2F%2Frebike-photo-nas.s3.eu-central-1.amazonaws.com%2Fpresentations%2F211784%2Fres%2F1284%2F1284_img_0002.jpg&w=1536&q=100",
      "https://rebike.com/_next/image?url=https%3A%2F%2Frebike-photo-nas.s3.eu-central-1.amazonaws.com%2Fpresentations%2F211784%2Fres%2F1284%2F1284_img_0003.jpg&w=1536&q=100",
      "https://rebike.com/_next/image?url=https%3A%2F%2Frebike-photo-nas.s3.eu-central-1.amazonaws.com%2Fpresentations%2F211784%2Fres%2F270%2F270_img_0001.jpg&w=1536&q=100",
      "https://rebike.com/_next/image?url=https%3A%2F%2Frebike-photo-nas.s3.eu-central-1.amazonaws.com%2Fpresentations%2F211784%2Fres%2F270%2F270_img_0002.jpg&w=1536&q=100",
      "https://rebike.com/_next/image?url=https%3A%2F%2Frebike-photo-nas.s3.eu-central-1.amazonaws.com%2Fpresentations%2F211784%2Fres%2F270%2F270_img_0003.jpg&w=1536&q=100",
      "https://rebike.com/_next/image?url=https%3A%2F%2Frebike-photo-nas.s3.eu-central-1.amazonaws.com%2Fpresentations%2F211784%2Fres%2F270%2F270_img_0004.jpg&w=1536&q=100",
      "https://rebike.com/_next/image?url=https%3A%2F%2Frebike-photo-nas.s3.eu-central-1.amazonaws.com%2Fpresentations%2F211784%2Fres%2F270%2F270_img_0005.jpg&w=1536&q=100"
    ],
    "description": "Johansson Bikes Gunnar E-Lastenrad E-Lastenrad. Wir versenden alle unsere E-Bike vormontiert. Du musst lediglich deinen Lenker gerade stellen, Sitzhöhe an deine Körpergröße anpassen und die Pedale anschrauben. Passendes Werkzeug liegt natürlich dabei.",
    "specifications": {
      "Artikel-Nr": "211784",
      "Akku": "Unterrohr Akku",
      "Akku Kapazität": "522 Wh",
      "Akku Position": "Rahmenakku",
      "Display": "brose Allround Display",
      "Einstieg": "Mittel"
    },
    "originalBasePriceEur": 4906,
    "currentBasePriceEur": 3089,
    "priceRub": "3089 €",
    "originalPriceRub": "4906 €",
    "originalPriceEur": "4.906 €",
    "currentPriceEur": "3.089 €",
    "discountPercent": 37,
    "id": "211784"
  },
  {
    "title": "Johansson Bikes Fiete",
    "currentPrice": "3.099 €",
    "originalPrice": "5.458 €",
    "url": "https://rebike.com/de/johansson-bikes-fiete-e-lastenrad-211754?number=211754",
    "imageUrl": "https://rebike.com/_next/image?url=https%3A%2F%2Frebike-photo-nas.s3.eu-central-1.amazonaws.com%2Fpresentations%2F211754%2Fres%2F840%2F840_img_0001.jpg&w=1536&q=100",
    "category": "cargo",
    "parsedAt": "2025-08-15T01:21:20.502Z",
    "images": [
      "https://rebike.com/_next/image?url=https%3A%2F%2Frebike-photo-nas.s3.eu-central-1.amazonaws.com%2Fpresentations%2F211754%2Fres%2F1284%2F1284_img_0001.jpg&w=1536&q=100",
      "https://rebike.com/_next/image?url=https%3A%2F%2Frebike-photo-nas.s3.eu-central-1.amazonaws.com%2Fpresentations%2F211754%2Fres%2F1284%2F1284_img_0002.jpg&w=1536&q=100",
      "https://rebike.com/_next/image?url=https%3A%2F%2Frebike-photo-nas.s3.eu-central-1.amazonaws.com%2Fpresentations%2F211754%2Fres%2F1284%2F1284_img_0003.jpg&w=1536&q=100",
      "https://rebike.com/_next/image?url=https%3A%2F%2Frebike-photo-nas.s3.eu-central-1.amazonaws.com%2Fpresentations%2F211754%2Fres%2F270%2F270_img_0001.jpg&w=1536&q=100",
      "https://rebike.com/_next/image?url=https%3A%2F%2Frebike-photo-nas.s3.eu-central-1.amazonaws.com%2Fpresentations%2F211754%2Fres%2F270%2F270_img_0002.jpg&w=1536&q=100",
      "https://rebike.com/_next/image?url=https%3A%2F%2Frebike-photo-nas.s3.eu-central-1.amazonaws.com%2Fpresentations%2F211754%2Fres%2F270%2F270_img_0003.jpg&w=1536&q=100",
      "https://rebike.com/_next/image?url=https%3A%2F%2Frebike-photo-nas.s3.eu-central-1.amazonaws.com%2Fpresentations%2F211754%2Fres%2F270%2F270_img_0004.jpg&w=1536&q=100",
      "https://rebike.com/_next/image?url=https%3A%2F%2Frebike-photo-nas.s3.eu-central-1.amazonaws.com%2Fpresentations%2F211754%2Fres%2F270%2F270_img_0005.jpg&w=1536&q=100"
    ],
    "description": "Johansson Bikes Fiete. Wir versenden alle unsere E-Bike vormontiert. Du musst lediglich deinen Lenker gerade stellen, Sitzhöhe an deine Körpergröße anpassen und die Pedale anschrauben. Passendes Werkzeug liegt natürlich dabei.",
    "specifications": {
      "Artikel-Nr": "211754",
      "Akku": "Gepäckträger Akku",
      "Akku Kapazität": "522 Wh",
      "Akku Position": "Gepäckträger Akku",
      "Bremse hinten": "Riderever",
      "Bremse vorne": "Riderever"
    },
    "originalBasePriceEur": 5458,
    "currentBasePriceEur": 3099,
    "priceRub": "3099 €",
    "originalPriceRub": "5458 €",
    "originalPriceEur": "5.458 €",
    "currentPriceEur": "3.099 €",
    "discountPercent": 43,
    "id": "211754"
  },
  {
    "title": "Pfau-Tec Roma E-Lastenrad",
    "currentPrice": "3.139 €",
    "originalPrice": "4.990 €",
    "url": "https://rebike.com/de/pfau-tec-roma-265982?number=265982",
    "imageUrl": "https://rebike.com/_next/image?url=https%3A%2F%2Frebike-photo-nas.s3.eu-central-1.amazonaws.com%2Fpresentations%2F265982%2Fres%2F840%2F840_img_0001.jpg&w=1536&q=100",
    "category": "cargo",
    "parsedAt": "2025-08-15T01:21:20.502Z",
    "images": [
      "https://rebike.com/_next/image?url=https%3A%2F%2Frebike-photo-nas.s3.eu-central-1.amazonaws.com%2Fpresentations%2F265982%2Fres%2F1284%2F1284_img_0001.jpg&w=1536&q=100",
      "https://rebike.com/_next/image?url=https%3A%2F%2Frebike-photo-nas.s3.eu-central-1.amazonaws.com%2Fpresentations%2F265982%2Fres%2F1284%2F1284_img_0002.jpg&w=1536&q=100",
      "https://rebike.com/_next/image?url=https%3A%2F%2Frebike-photo-nas.s3.eu-central-1.amazonaws.com%2Fpresentations%2F265982%2Fres%2F1284%2F1284_img_0003.jpg&w=1536&q=100",
      "https://rebike.com/_next/image?url=https%3A%2F%2Frebike-photo-nas.s3.eu-central-1.amazonaws.com%2Fpresentations%2F265982%2Fres%2F270%2F270_img_0001.jpg&w=1536&q=100",
      "https://rebike.com/_next/image?url=https%3A%2F%2Frebike-photo-nas.s3.eu-central-1.amazonaws.com%2Fpresentations%2F265982%2Fres%2F270%2F270_img_0002.jpg&w=1536&q=100",
      "https://rebike.com/_next/image?url=https%3A%2F%2Frebike-photo-nas.s3.eu-central-1.amazonaws.com%2Fpresentations%2F265982%2Fres%2F270%2F270_img_0003.jpg&w=1536&q=100",
      "https://rebike.com/_next/image?url=https%3A%2F%2Frebike-photo-nas.s3.eu-central-1.amazonaws.com%2Fpresentations%2F265982%2Fres%2F270%2F270_img_0004.jpg&w=1536&q=100",
      "https://rebike.com/_next/image?url=https%3A%2F%2Frebike-photo-nas.s3.eu-central-1.amazonaws.com%2Fpresentations%2F265982%2Fres%2F270%2F270_img_0005.jpg&w=1536&q=100"
    ],
    "description": "Pfau-Tec Roma E-Lastenrad. Wir versenden alle unsere E-Bike vormontiert. Du musst lediglich deinen Lenker gerade stellen, Sitzhöhe an deine Körpergröße anpassen und die Pedale anschrauben. Passendes Werkzeug liegt natürlich dabei.",
    "specifications": {
      "Artikel-Nr": "265982",
      "Akku": "Bosch PowerPack",
      "Akku Kapazität": "400 Wh",
      "Akku Position": "Rahmenakku",
      "Bremse hinten": "Tektro",
      "Bremse vorne": "Tektro"
    },
    "originalBasePriceEur": 4990,
    "currentBasePriceEur": 3139,
    "priceRub": "3139 €",
    "originalPriceRub": "4990 €",
    "originalPriceEur": "4.990 €",
    "currentPriceEur": "3.139 €",
    "discountPercent": 37,
    "id": "265982"
  },
  {
    "title": "Babboe City Mountain E-Lastenrad",
    "currentPrice": "3.139 €",
    "originalPrice": "4.629 €",
    "url": "https://rebike.com/de/babboe-city-mountain-e-lastenrad-260660?number=260660",
    "imageUrl": "https://rebike.com/_next/image?url=https%3A%2F%2Frebike-photo-nas.s3.eu-central-1.amazonaws.com%2Fpresentations%2F260660%2Fres%2F840%2F840_img_0001.jpg&w=1536&q=100",
    "category": "cargo",
    "parsedAt": "2025-08-15T01:21:20.502Z",
    "images": [
      "https://rebike.com/_next/image?url=https%3A%2F%2Frebike-photo-nas.s3.eu-central-1.amazonaws.com%2Fpresentations%2F260660%2Fres%2F1284%2F1284_img_0001.jpg&w=1536&q=100",
      "https://rebike.com/_next/image?url=https%3A%2F%2Frebike-photo-nas.s3.eu-central-1.amazonaws.com%2Fpresentations%2F260660%2Fres%2F1284%2F1284_img_0002.jpg&w=1536&q=100",
      "https://rebike.com/_next/image?url=https%3A%2F%2Frebike-photo-nas.s3.eu-central-1.amazonaws.com%2Fpresentations%2F260660%2Fres%2F1284%2F1284_img_0003.jpg&w=1536&q=100",
      "https://rebike.com/_next/image?url=https%3A%2F%2Frebike-photo-nas.s3.eu-central-1.amazonaws.com%2Fpresentations%2F260660%2Fres%2F270%2F270_img_0001.jpg&w=1536&q=100",
      "https://rebike.com/_next/image?url=https%3A%2F%2Frebike-photo-nas.s3.eu-central-1.amazonaws.com%2Fpresentations%2F260660%2Fres%2F270%2F270_img_0002.jpg&w=1536&q=100",
      "https://rebike.com/_next/image?url=https%3A%2F%2Frebike-photo-nas.s3.eu-central-1.amazonaws.com%2Fpresentations%2F260660%2Fres%2F270%2F270_img_0003.jpg&w=1536&q=100",
      "https://rebike.com/_next/image?url=https%3A%2F%2Frebike-photo-nas.s3.eu-central-1.amazonaws.com%2Fpresentations%2F260660%2Fres%2F270%2F270_img_0004.jpg&w=1536&q=100",
      "https://rebike.com/_next/image?url=https%3A%2F%2Frebike-photo-nas.s3.eu-central-1.amazonaws.com%2Fpresentations%2F260660%2Fres%2F270%2F270_img_0005.jpg&w=1536&q=100"
    ],
    "description": "Babboe City Mountain E-Lastenrad. Wir versenden alle unsere E-Bike vormontiert. Du musst lediglich deinen Lenker gerade stellen, Sitzhöhe an deine Körpergröße anpassen und die Pedale anschrauben. Passendes Werkzeug liegt natürlich dabei.",
    "specifications": {
      "Artikel-Nr": "260660",
      "Akku": "Akku Unter der Bank",
      "Akku Kapazität": "400 Wh",
      "Akku Position": "Rahmenakku",
      "Bremse hinten": "Tektro HD-T520",
      "Bremse vorne": "Tektro HD-T520"
    },
    "originalBasePriceEur": 4629,
    "currentBasePriceEur": 3139,
    "priceRub": "3139 €",
    "originalPriceRub": "4629 €",
    "originalPriceEur": "4.629 €",
    "currentPriceEur": "3.139 €",
    "discountPercent": 32,
    "id": "260660"
  },
  {
    "title": "Johansson Bikes Fiete",
    "currentPrice": "3.199 €",
    "originalPrice": "5.458 €",
    "url": "https://rebike.com/de/johansson-bikes-fiete-241975?number=241975",
    "imageUrl": "https://rebike.com/_next/image?url=https%3A%2F%2Frebike-photo-nas.s3.eu-central-1.amazonaws.com%2Fpresentations%2F241975%2Fres%2F840%2F840_img_0001.jpg&w=1536&q=100",
    "category": "cargo",
    "parsedAt": "2025-08-15T01:21:20.502Z",
    "images": [
      "https://rebike.com/_next/image?url=https%3A%2F%2Frebike-photo-nas.s3.eu-central-1.amazonaws.com%2Fpresentations%2F241975%2Fres%2F1284%2F1284_img_0001.jpg&w=1536&q=100",
      "https://rebike.com/_next/image?url=https%3A%2F%2Frebike-photo-nas.s3.eu-central-1.amazonaws.com%2Fpresentations%2F241975%2Fres%2F1284%2F1284_img_0002.jpg&w=1536&q=100",
      "https://rebike.com/_next/image?url=https%3A%2F%2Frebike-photo-nas.s3.eu-central-1.amazonaws.com%2Fpresentations%2F241975%2Fres%2F1284%2F1284_img_0003.jpg&w=1536&q=100",
      "https://rebike.com/_next/image?url=https%3A%2F%2Frebike-photo-nas.s3.eu-central-1.amazonaws.com%2Fpresentations%2F241975%2Fres%2F270%2F270_img_0001.jpg&w=1536&q=100",
      "https://rebike.com/_next/image?url=https%3A%2F%2Frebike-photo-nas.s3.eu-central-1.amazonaws.com%2Fpresentations%2F241975%2Fres%2F270%2F270_img_0002.jpg&w=1536&q=100",
      "https://rebike.com/_next/image?url=https%3A%2F%2Frebike-photo-nas.s3.eu-central-1.amazonaws.com%2Fpresentations%2F241975%2Fres%2F270%2F270_img_0003.jpg&w=1536&q=100",
      "https://rebike.com/_next/image?url=https%3A%2F%2Frebike-photo-nas.s3.eu-central-1.amazonaws.com%2Fpresentations%2F241975%2Fres%2F270%2F270_img_0004.jpg&w=1536&q=100",
      "https://rebike.com/_next/image?url=https%3A%2F%2Frebike-photo-nas.s3.eu-central-1.amazonaws.com%2Fpresentations%2F241975%2Fres%2F270%2F270_img_0005.jpg&w=1536&q=100"
    ],
    "description": "Johansson Bikes Fiete. Wir versenden alle unsere E-Bike vormontiert. Du musst lediglich deinen Lenker gerade stellen, Sitzhöhe an deine Körpergröße anpassen und die Pedale anschrauben. Passendes Werkzeug liegt natürlich dabei.",
    "specifications": {
      "Artikel-Nr": "241975",
      "Akku": "Gepäckträger Akku",
      "Akku Kapazität": "504 Wh",
      "Akku Position": "Gepäckträger Akku",
      "Bremse hinten": "Riderever",
      "Bremse vorne": "Riderever"
    },
    "originalBasePriceEur": 5458,
    "currentBasePriceEur": 3199,
    "priceRub": "3199 €",
    "originalPriceRub": "5458 €",
    "originalPriceEur": "5.458 €",
    "currentPriceEur": "3.199 €",
    "discountPercent": 41,
    "id": "241975"
  },
  {
    "title": "Babboe City Mountain",
    "currentPrice": "3.259 €",
    "originalPrice": "4.799 €",
    "url": "https://rebike.com/de/babboe-city-mountain-242244?number=242244",
    "imageUrl": "https://rebike.com/_next/image?url=https%3A%2F%2Frebike-photo-nas.s3.eu-central-1.amazonaws.com%2Fpresentations%2F242244%2Fres%2F840%2F840_img_0001.jpg&w=1536&q=100",
    "category": "cargo",
    "parsedAt": "2025-08-15T01:21:20.502Z",
    "images": [
      "https://rebike.com/_next/image?url=https%3A%2F%2Frebike-photo-nas.s3.eu-central-1.amazonaws.com%2Fpresentations%2F242244%2Fres%2F1284%2F1284_img_0001.jpg&w=1536&q=100",
      "https://rebike.com/_next/image?url=https%3A%2F%2Frebike-photo-nas.s3.eu-central-1.amazonaws.com%2Fpresentations%2F242244%2Fres%2F1284%2F1284_img_0002.jpg&w=1536&q=100",
      "https://rebike.com/_next/image?url=https%3A%2F%2Frebike-photo-nas.s3.eu-central-1.amazonaws.com%2Fpresentations%2F242244%2Fres%2F1284%2F1284_img_0003.jpg&w=1536&q=100",
      "https://rebike.com/_next/image?url=https%3A%2F%2Frebike-photo-nas.s3.eu-central-1.amazonaws.com%2Fpresentations%2F242244%2Fres%2F270%2F270_img_0001.jpg&w=1536&q=100",
      "https://rebike.com/_next/image?url=https%3A%2F%2Frebike-photo-nas.s3.eu-central-1.amazonaws.com%2Fpresentations%2F242244%2Fres%2F270%2F270_img_0002.jpg&w=1536&q=100",
      "https://rebike.com/_next/image?url=https%3A%2F%2Frebike-photo-nas.s3.eu-central-1.amazonaws.com%2Fpresentations%2F242244%2Fres%2F270%2F270_img_0003.jpg&w=1536&q=100",
      "https://rebike.com/_next/image?url=https%3A%2F%2Frebike-photo-nas.s3.eu-central-1.amazonaws.com%2Fpresentations%2F242244%2Fres%2F270%2F270_img_0004.jpg&w=1536&q=100",
      "https://rebike.com/_next/image?url=https%3A%2F%2Frebike-photo-nas.s3.eu-central-1.amazonaws.com%2Fpresentations%2F242244%2Fres%2F270%2F270_img_0005.jpg&w=1536&q=100"
    ],
    "description": "Premium Refurbished | Laufleistung: 718km | anthrazit | Spare 1540€ | 100% geprüfte Funktionalität ✓ 2 Jahre Garantie auf Akku & Motor ✓ Ratenkauf möglich ✓ 14 Tage Rückgaberecht. Wir versenden alle unsere E-Bike vormontiert. Du musst lediglich deinen Lenker gerade stellen, Sitzhöhe an deine Körpergröße anpassen und die Pedale anschrauben. Passendes Werkzeug liegt natürlich dabei.",
    "specifications": {
      "Artikel-Nr": "242244",
      "Akku": "Akku Unter der Bank",
      "Akku Kapazität": "500 Wh",
      "Akku Position": "Rahmenakku",
      "Bremse hinten": "Tektro HD-T520",
      "Bremse vorne": "Tektro HD-T520"
    },
    "originalBasePriceEur": 4799,
    "currentBasePriceEur": 3259,
    "priceRub": "3259 €",
    "originalPriceRub": "4799 €",
    "originalPriceEur": "4.799 €",
    "currentPriceEur": "3.259 €",
    "discountPercent": 32,
    "id": "242244"
  },
  {
    "title": "Babboe Go Mountain",
    "currentPrice": "3.349 €",
    "originalPrice": "4.935 €",
    "url": "https://rebike.com/de/babboe-go-mountain-274221?number=274221",
    "imageUrl": "https://rebike.com/_next/image?url=https%3A%2F%2Frebike-photo-nas.s3.eu-central-1.amazonaws.com%2Fpresentations%2F274221%2Fres%2F840%2F840_img_0001.jpg&w=1536&q=100",
    "category": "cargo",
    "parsedAt": "2025-08-15T01:21:20.502Z",
    "images": [
      "https://rebike.com/_next/image?url=https%3A%2F%2Frebike-photo-nas.s3.eu-central-1.amazonaws.com%2Fpresentations%2F274221%2Fres%2F1284%2F1284_img_0001.jpg&w=1536&q=100",
      "https://rebike.com/_next/image?url=https%3A%2F%2Frebike-photo-nas.s3.eu-central-1.amazonaws.com%2Fpresentations%2F274221%2Fres%2F1284%2F1284_img_0002.jpg&w=1536&q=100",
      "https://rebike.com/_next/image?url=https%3A%2F%2Frebike-photo-nas.s3.eu-central-1.amazonaws.com%2Fpresentations%2F274221%2Fres%2F1284%2F1284_img_0003.jpg&w=1536&q=100",
      "https://rebike.com/_next/image?url=https%3A%2F%2Frebike-photo-nas.s3.eu-central-1.amazonaws.com%2Fpresentations%2F274221%2Fres%2F270%2F270_img_0001.jpg&w=1536&q=100",
      "https://rebike.com/_next/image?url=https%3A%2F%2Frebike-photo-nas.s3.eu-central-1.amazonaws.com%2Fpresentations%2F274221%2Fres%2F270%2F270_img_0002.jpg&w=1536&q=100",
      "https://rebike.com/_next/image?url=https%3A%2F%2Frebike-photo-nas.s3.eu-central-1.amazonaws.com%2Fpresentations%2F274221%2Fres%2F270%2F270_img_0003.jpg&w=1536&q=100",
      "https://rebike.com/_next/image?url=https%3A%2F%2Frebike-photo-nas.s3.eu-central-1.amazonaws.com%2Fpresentations%2F274221%2Fres%2F270%2F270_img_0004.jpg&w=1536&q=100",
      "https://rebike.com/_next/image?url=https%3A%2F%2Frebike-photo-nas.s3.eu-central-1.amazonaws.com%2Fpresentations%2F274221%2Fres%2F270%2F270_img_0005.jpg&w=1536&q=100"
    ],
    "description": "Premium Refurbished | Laufleistung: 1945km | grey brown | Spare 1586€ | 100% geprüfte Funktionalität ✓ 2 Jahre Garantie auf Akku & Motor ✓ Ratenkauf möglich ✓ 14 Tage Rückgaberecht. Wir versenden alle unsere E-Bike vormontiert. Du musst lediglich deinen Lenker gerade stellen, Sitzhöhe an deine Körpergröße anpassen und die Pedale anschrauben. Passendes Werkzeug liegt natürlich dabei.",
    "specifications": {
      "Artikel-Nr": "274221",
      "Akku": "Akku Unter der Bank",
      "Akku Kapazität": "500 Wh",
      "Akku Position": "Rahmenakku",
      "Bremse hinten": "Tektro",
      "Bremse vorne": "Tektro"
    },
    "originalBasePriceEur": 4935,
    "currentBasePriceEur": 3349,
    "priceRub": "3349 €",
    "originalPriceRub": "4935 €",
    "originalPriceEur": "4.935 €",
    "currentPriceEur": "3.349 €",
    "discountPercent": 32,
    "id": "274221"
  },
  {
    "title": "Babboe Flow Mountain NV",
    "currentPrice": "3.599 €",
    "originalPrice": "5.403 €",
    "url": "https://rebike.com/de/babboe-flow-mountain-nv-e-lastenrad-2021-256950?number=256950",
    "imageUrl": "https://rebike.com/_next/image?url=https%3A%2F%2Frebike-photo-nas.s3.eu-central-1.amazonaws.com%2Fpresentations%2F256950%2Fres%2F840%2F840_img_0001.jpg&w=1536&q=100",
    "category": "cargo",
    "parsedAt": "2025-08-15T01:21:20.502Z",
    "images": [
      "https://rebike.com/_next/image?url=https%3A%2F%2Frebike-photo-nas.s3.eu-central-1.amazonaws.com%2Fpresentations%2F256950%2Fres%2F1284%2F1284_img_0001.jpg&w=1536&q=100",
      "https://rebike.com/_next/image?url=https%3A%2F%2Frebike-photo-nas.s3.eu-central-1.amazonaws.com%2Fpresentations%2F256950%2Fres%2F1284%2F1284_img_0002.jpg&w=1536&q=100",
      "https://rebike.com/_next/image?url=https%3A%2F%2Frebike-photo-nas.s3.eu-central-1.amazonaws.com%2Fpresentations%2F256950%2Fres%2F1284%2F1284_img_0003.jpg&w=1536&q=100",
      "https://rebike.com/_next/image?url=https%3A%2F%2Frebike-photo-nas.s3.eu-central-1.amazonaws.com%2Fpresentations%2F256950%2Fres%2F270%2F270_img_0001.jpg&w=1536&q=100",
      "https://rebike.com/_next/image?url=https%3A%2F%2Frebike-photo-nas.s3.eu-central-1.amazonaws.com%2Fpresentations%2F256950%2Fres%2F270%2F270_img_0002.jpg&w=1536&q=100",
      "https://rebike.com/_next/image?url=https%3A%2F%2Frebike-photo-nas.s3.eu-central-1.amazonaws.com%2Fpresentations%2F256950%2Fres%2F270%2F270_img_0003.jpg&w=1536&q=100",
      "https://rebike.com/_next/image?url=https%3A%2F%2Frebike-photo-nas.s3.eu-central-1.amazonaws.com%2Fpresentations%2F256950%2Fres%2F270%2F270_img_0004.jpg&w=1536&q=100",
      "https://rebike.com/_next/image?url=https%3A%2F%2Frebike-photo-nas.s3.eu-central-1.amazonaws.com%2Fpresentations%2F256950%2Fres%2F270%2F270_img_0005.jpg&w=1536&q=100"
    ],
    "description": "Babboe Flow Mountain NV. Wir versenden alle unsere E-Bike vormontiert. Du musst lediglich deinen Lenker gerade stellen, Sitzhöhe an deine Körpergröße anpassen und die Pedale anschrauben. Passendes Werkzeug liegt natürlich dabei.",
    "specifications": {
      "Artikel-Nr": "256950",
      "Akku": "Akku Unter der Bank",
      "Akku Kapazität": "500 Wh",
      "Akku Position": "Rahmenakku",
      "Bremse hinten": "Tektro Auriga Pro (2-piston, Hydraulic)",
      "Bremse vorne": "Tektro Auriga Pro (2-piston, Hydraulic)"
    },
    "originalBasePriceEur": 5403,
    "currentBasePriceEur": 3599,
    "priceRub": "3599 €",
    "originalPriceRub": "5403 €",
    "originalPriceEur": "5.403 €",
    "currentPriceEur": "3.599 €",
    "discountPercent": 33,
    "id": "256950"
  },
  {
    "title": "Babboe Flow Mountain",
    "currentPrice": "3.769 €",
    "originalPrice": "5.553 €",
    "url": "https://rebike.com/de/babboe-flow-mountain-e-lastenrad-2022-259455?number=259455",
    "imageUrl": "https://rebike.com/_next/image?url=https%3A%2F%2Frebike-photo-nas.s3.eu-central-1.amazonaws.com%2Fpresentations%2F259455%2Fres%2F840%2F840_img_0001.jpg&w=1536&q=100",
    "category": "cargo",
    "parsedAt": "2025-08-15T01:21:20.502Z",
    "images": [
      "https://rebike.com/_next/image?url=https%3A%2F%2Frebike-photo-nas.s3.eu-central-1.amazonaws.com%2Fpresentations%2F259455%2Fres%2F1284%2F1284_img_0001.jpg&w=1536&q=100",
      "https://rebike.com/_next/image?url=https%3A%2F%2Frebike-photo-nas.s3.eu-central-1.amazonaws.com%2Fpresentations%2F259455%2Fres%2F1284%2F1284_img_0002.jpg&w=1536&q=100",
      "https://rebike.com/_next/image?url=https%3A%2F%2Frebike-photo-nas.s3.eu-central-1.amazonaws.com%2Fpresentations%2F259455%2Fres%2F1284%2F1284_img_0003.jpg&w=1536&q=100",
      "https://rebike.com/_next/image?url=https%3A%2F%2Frebike-photo-nas.s3.eu-central-1.amazonaws.com%2Fpresentations%2F259455%2Fres%2F270%2F270_img_0001.jpg&w=1536&q=100",
      "https://rebike.com/_next/image?url=https%3A%2F%2Frebike-photo-nas.s3.eu-central-1.amazonaws.com%2Fpresentations%2F259455%2Fres%2F270%2F270_img_0002.jpg&w=1536&q=100",
      "https://rebike.com/_next/image?url=https%3A%2F%2Frebike-photo-nas.s3.eu-central-1.amazonaws.com%2Fpresentations%2F259455%2Fres%2F270%2F270_img_0003.jpg&w=1536&q=100",
      "https://rebike.com/_next/image?url=https%3A%2F%2Frebike-photo-nas.s3.eu-central-1.amazonaws.com%2Fpresentations%2F259455%2Fres%2F270%2F270_img_0004.jpg&w=1536&q=100",
      "https://rebike.com/_next/image?url=https%3A%2F%2Frebike-photo-nas.s3.eu-central-1.amazonaws.com%2Fpresentations%2F259455%2Fres%2F270%2F270_img_0005.jpg&w=1536&q=100"
    ],
    "description": "null. Wir versenden alle unsere E-Bike vormontiert. Du musst lediglich deinen Lenker gerade stellen, Sitzhöhe an deine Körpergröße anpassen und die Pedale anschrauben. Passendes Werkzeug liegt natürlich dabei.",
    "specifications": {
      "Artikel-Nr": "259455",
      "Akku": "Akku Unter der Bank",
      "Akku Kapazität": "500 Wh",
      "Akku Position": "Rahmenakku",
      "Bremse hinten": "Tektro HD-T520",
      "Bremse vorne": "Tektro HD-T525 Auriga Twin"
    },
    "originalBasePriceEur": 5553,
    "currentBasePriceEur": 3769,
    "priceRub": "3769 €",
    "originalPriceRub": "5553 €",
    "originalPriceEur": "5.553 €",
    "currentPriceEur": "3.769 €",
    "discountPercent": 32,
    "id": "259455"
  },
  {
    "title": "Babboe Flow Mountain E-Lastenrad",
    "currentPrice": "3.799 €",
    "originalPrice": "5.618 €",
    "url": "https://rebike.com/de/babboe-carve-mountain-e-lastenrad-2022-244803?number=244803",
    "imageUrl": "https://rebike.com/_next/image?url=https%3A%2F%2Frebike-photo-nas.s3.eu-central-1.amazonaws.com%2Fpresentations%2F244803%2Fres%2F840%2F840_img_0001.jpg&w=1536&q=100",
    "category": "cargo",
    "parsedAt": "2025-08-15T01:21:20.502Z",
    "images": [
      "https://rebike.com/_next/image?url=https%3A%2F%2Frebike-photo-nas.s3.eu-central-1.amazonaws.com%2Fpresentations%2F244803%2Fres%2F1284%2F1284_img_0001.jpg&w=1536&q=100",
      "https://rebike.com/_next/image?url=https%3A%2F%2Frebike-photo-nas.s3.eu-central-1.amazonaws.com%2Fpresentations%2F244803%2Fres%2F1284%2F1284_img_0002.jpg&w=1536&q=100",
      "https://rebike.com/_next/image?url=https%3A%2F%2Frebike-photo-nas.s3.eu-central-1.amazonaws.com%2Fpresentations%2F244803%2Fres%2F1284%2F1284_img_0003.jpg&w=1536&q=100",
      "https://rebike.com/_next/image?url=https%3A%2F%2Frebike-photo-nas.s3.eu-central-1.amazonaws.com%2Fpresentations%2F244803%2Fres%2F270%2F270_img_0001.jpg&w=1536&q=100",
      "https://rebike.com/_next/image?url=https%3A%2F%2Frebike-photo-nas.s3.eu-central-1.amazonaws.com%2Fpresentations%2F244803%2Fres%2F270%2F270_img_0002.jpg&w=1536&q=100",
      "https://rebike.com/_next/image?url=https%3A%2F%2Frebike-photo-nas.s3.eu-central-1.amazonaws.com%2Fpresentations%2F244803%2Fres%2F270%2F270_img_0003.jpg&w=1536&q=100",
      "https://rebike.com/_next/image?url=https%3A%2F%2Frebike-photo-nas.s3.eu-central-1.amazonaws.com%2Fpresentations%2F244803%2Fres%2F270%2F270_img_0004.jpg&w=1536&q=100",
      "https://rebike.com/_next/image?url=https%3A%2F%2Frebike-photo-nas.s3.eu-central-1.amazonaws.com%2Fpresentations%2F244803%2Fres%2F270%2F270_img_0005.jpg&w=1536&q=100"
    ],
    "description": "Babboe Flow Mountain E-Lastenrad. Wir versenden alle unsere E-Bike vormontiert. Du musst lediglich deinen Lenker gerade stellen, Sitzhöhe an deine Körpergröße anpassen und die Pedale anschrauben. Passendes Werkzeug liegt natürlich dabei.",
    "specifications": {
      "Artikel-Nr": "244803",
      "Akku": "Yamaha Rahmenakku",
      "Akku Kapazität": "500 Wh",
      "Akku Position": "Rahmenakku",
      "Bremse hinten": "Tektro HD-T520",
      "Bremse vorne": "Tektro"
    },
    "originalBasePriceEur": 5618,
    "currentBasePriceEur": 3799,
    "priceRub": "3799 €",
    "originalPriceRub": "5618 €",
    "originalPriceEur": "5.618 €",
    "currentPriceEur": "3.799 €",
    "discountPercent": 32,
    "id": "244803"
  },
  {
    "title": "Babboe Carve Mountain E-Lastenrad",
    "currentPrice": "3.799 €",
    "originalPrice": "5.619 €",
    "url": "https://rebike.com/de/babboe-carve-mountain-e-lastenrad-243813?number=243813",
    "imageUrl": "https://rebike.com/_next/image?url=https%3A%2F%2Frebike-photo-nas.s3.eu-central-1.amazonaws.com%2Fpresentations%2F243813%2Fres%2F840%2F840_img_0001.jpg&w=1536&q=100",
    "category": "cargo",
    "parsedAt": "2025-08-15T01:21:20.502Z",
    "images": [
      "https://rebike.com/_next/image?url=https%3A%2F%2Frebike-photo-nas.s3.eu-central-1.amazonaws.com%2Fpresentations%2F243813%2Fres%2F1284%2F1284_img_0001.jpg&w=1536&q=100",
      "https://rebike.com/_next/image?url=https%3A%2F%2Frebike-photo-nas.s3.eu-central-1.amazonaws.com%2Fpresentations%2F243813%2Fres%2F1284%2F1284_img_0002.jpg&w=1536&q=100",
      "https://rebike.com/_next/image?url=https%3A%2F%2Frebike-photo-nas.s3.eu-central-1.amazonaws.com%2Fpresentations%2F243813%2Fres%2F1284%2F1284_img_0003.jpg&w=1536&q=100",
      "https://rebike.com/_next/image?url=https%3A%2F%2Frebike-photo-nas.s3.eu-central-1.amazonaws.com%2Fpresentations%2F243813%2Fres%2F270%2F270_img_0001.jpg&w=1536&q=100",
      "https://rebike.com/_next/image?url=https%3A%2F%2Frebike-photo-nas.s3.eu-central-1.amazonaws.com%2Fpresentations%2F243813%2Fres%2F270%2F270_img_0002.jpg&w=1536&q=100",
      "https://rebike.com/_next/image?url=https%3A%2F%2Frebike-photo-nas.s3.eu-central-1.amazonaws.com%2Fpresentations%2F243813%2Fres%2F270%2F270_img_0003.jpg&w=1536&q=100",
      "https://rebike.com/_next/image?url=https%3A%2F%2Frebike-photo-nas.s3.eu-central-1.amazonaws.com%2Fpresentations%2F243813%2Fres%2F270%2F270_img_0004.jpg&w=1536&q=100",
      "https://rebike.com/_next/image?url=https%3A%2F%2Frebike-photo-nas.s3.eu-central-1.amazonaws.com%2Fpresentations%2F243813%2Fres%2F270%2F270_img_0005.jpg&w=1536&q=100"
    ],
    "description": "Babboe Carve Mountain E-Lastenrad. Wir versenden alle unsere E-Bike vormontiert. Du musst lediglich deinen Lenker gerade stellen, Sitzhöhe an deine Körpergröße anpassen und die Pedale anschrauben. Passendes Werkzeug liegt natürlich dabei.",
    "specifications": {
      "Artikel-Nr": "243813",
      "Akku": "Akku Unter der Bank",
      "Akku Kapazität": "500 Wh",
      "Akku Position": "Rahmenakku",
      "Bremse hinten": "Tektro HD-T520",
      "Bremse vorne": "Tektro HD-T525 Auriga Twin"
    },
    "originalBasePriceEur": 5619,
    "currentBasePriceEur": 3799,
    "priceRub": "3799 €",
    "originalPriceRub": "5619 €",
    "originalPriceEur": "5.619 €",
    "currentPriceEur": "3.799 €",
    "discountPercent": 32,
    "id": "243813"
  },
  {
    "title": "Babboe Flow Mountain E-Lastenrad",
    "currentPrice": "3.939 €",
    "originalPrice": "5.798 €",
    "url": "https://rebike.com/de/babboe-carve-mountain-2022-243882?number=243882",
    "imageUrl": "https://rebike.com/_next/image?url=https%3A%2F%2Frebike-photo-nas.s3.eu-central-1.amazonaws.com%2Fpresentations%2F243882%2Fres%2F840%2F840_img_0001.jpg&w=1536&q=100",
    "category": "cargo",
    "parsedAt": "2025-08-15T01:21:20.502Z",
    "images": [
      "https://rebike.com/_next/image?url=https%3A%2F%2Frebike-photo-nas.s3.eu-central-1.amazonaws.com%2Fpresentations%2F243882%2Fres%2F1284%2F1284_img_0001.jpg&w=1536&q=100",
      "https://rebike.com/_next/image?url=https%3A%2F%2Frebike-photo-nas.s3.eu-central-1.amazonaws.com%2Fpresentations%2F243882%2Fres%2F1284%2F1284_img_0002.jpg&w=1536&q=100",
      "https://rebike.com/_next/image?url=https%3A%2F%2Frebike-photo-nas.s3.eu-central-1.amazonaws.com%2Fpresentations%2F243882%2Fres%2F1284%2F1284_img_0003.jpg&w=1536&q=100",
      "https://rebike.com/_next/image?url=https%3A%2F%2Frebike-photo-nas.s3.eu-central-1.amazonaws.com%2Fpresentations%2F243882%2Fres%2F270%2F270_img_0001.jpg&w=1536&q=100",
      "https://rebike.com/_next/image?url=https%3A%2F%2Frebike-photo-nas.s3.eu-central-1.amazonaws.com%2Fpresentations%2F243882%2Fres%2F270%2F270_img_0002.jpg&w=1536&q=100",
      "https://rebike.com/_next/image?url=https%3A%2F%2Frebike-photo-nas.s3.eu-central-1.amazonaws.com%2Fpresentations%2F243882%2Fres%2F270%2F270_img_0003.jpg&w=1536&q=100",
      "https://rebike.com/_next/image?url=https%3A%2F%2Frebike-photo-nas.s3.eu-central-1.amazonaws.com%2Fpresentations%2F243882%2Fres%2F270%2F270_img_0004.jpg&w=1536&q=100",
      "https://rebike.com/_next/image?url=https%3A%2F%2Frebike-photo-nas.s3.eu-central-1.amazonaws.com%2Fpresentations%2F243882%2Fres%2F270%2F270_img_0005.jpg&w=1536&q=100"
    ],
    "description": "Babboe Flow Mountain E-Lastenrad. Wir versenden alle unsere E-Bike vormontiert. Du musst lediglich deinen Lenker gerade stellen, Sitzhöhe an deine Körpergröße anpassen und die Pedale anschrauben. Passendes Werkzeug liegt natürlich dabei.",
    "specifications": {
      "Artikel-Nr": "243882",
      "Akku": "Akku Unter der Bank",
      "Akku Kapazität": "500 Wh",
      "Akku Position": "Intube Akku",
      "Bremse hinten": "Shimano MT520 (4-piston, Hydraulic)",
      "Bremse vorne": "Tektro HD-T525 Auriga Twin"
    },
    "originalBasePriceEur": 5798,
    "currentBasePriceEur": 3939,
    "priceRub": "3939 €",
    "originalPriceRub": "5798 €",
    "originalPriceEur": "5.798 €",
    "currentPriceEur": "3.939 €",
    "discountPercent": 32,
    "id": "243882"
  },
  {
    "title": "Babboe Flow Mountain E-Lastenrad",
    "currentPrice": "4.149 €",
    "originalPrice": "6.109 €",
    "url": "https://rebike.com/de/babboe-carve-mountain-247503?number=247503",
    "imageUrl": "https://rebike.com/_next/image?url=https%3A%2F%2Frebike-photo-nas.s3.eu-central-1.amazonaws.com%2Fpresentations%2F247503%2Fres%2F840%2F840_img_0001.jpg&w=1536&q=100",
    "category": "cargo",
    "parsedAt": "2025-08-15T01:21:20.502Z",
    "images": [
      "https://rebike.com/_next/image?url=https%3A%2F%2Frebike-photo-nas.s3.eu-central-1.amazonaws.com%2Fpresentations%2F247503%2Fres%2F1284%2F1284_img_0001.jpg&w=1536&q=100",
      "https://rebike.com/_next/image?url=https%3A%2F%2Frebike-photo-nas.s3.eu-central-1.amazonaws.com%2Fpresentations%2F247503%2Fres%2F1284%2F1284_img_0002.jpg&w=1536&q=100",
      "https://rebike.com/_next/image?url=https%3A%2F%2Frebike-photo-nas.s3.eu-central-1.amazonaws.com%2Fpresentations%2F247503%2Fres%2F1284%2F1284_img_0003.jpg&w=1536&q=100",
      "https://rebike.com/_next/image?url=https%3A%2F%2Frebike-photo-nas.s3.eu-central-1.amazonaws.com%2Fpresentations%2F247503%2Fres%2F270%2F270_img_0001.jpg&w=1536&q=100",
      "https://rebike.com/_next/image?url=https%3A%2F%2Frebike-photo-nas.s3.eu-central-1.amazonaws.com%2Fpresentations%2F247503%2Fres%2F270%2F270_img_0002.jpg&w=1536&q=100",
      "https://rebike.com/_next/image?url=https%3A%2F%2Frebike-photo-nas.s3.eu-central-1.amazonaws.com%2Fpresentations%2F247503%2Fres%2F270%2F270_img_0003.jpg&w=1536&q=100",
      "https://rebike.com/_next/image?url=https%3A%2F%2Frebike-photo-nas.s3.eu-central-1.amazonaws.com%2Fpresentations%2F247503%2Fres%2F270%2F270_img_0004.jpg&w=1536&q=100",
      "https://rebike.com/_next/image?url=https%3A%2F%2Frebike-photo-nas.s3.eu-central-1.amazonaws.com%2Fpresentations%2F247503%2Fres%2F270%2F270_img_0005.jpg&w=1536&q=100"
    ],
    "description": "Babboe Flow Mountain E-Lastenrad. Wir versenden alle unsere E-Bike vormontiert. Du musst lediglich deinen Lenker gerade stellen, Sitzhöhe an deine Körpergröße anpassen und die Pedale anschrauben. Passendes Werkzeug liegt natürlich dabei.",
    "specifications": {
      "Artikel-Nr": "247503",
      "Akku": "Akku Unter der Bank",
      "Akku Kapazität": "500 Wh",
      "Akku Position": "Intube Akku",
      "Bremse hinten": "Tektro HD-T520",
      "Bremse vorne": "Tektro HD-T525 Auriga Twin"
    },
    "originalBasePriceEur": 6109,
    "currentBasePriceEur": 4149,
    "priceRub": "4149 €",
    "originalPriceRub": "6109 €",
    "originalPriceEur": "6.109 €",
    "currentPriceEur": "4.149 €",
    "discountPercent": 32,
    "id": "247503"
  },
  {
    "title": "Babboe City Mountain E-Lastenrad E-Lastenrad 2022",
    "currentPrice": "4.179 €",
    "originalPrice": "4.549 €",
    "url": "https://rebike.com/de/babboe-city-mountain-e-lastenrad-2022?number=221611",
    "imageUrl": "https://rebike.com/_next/image?url=https%3A%2F%2Frebike-photo-nas.s3.eu-central-1.amazonaws.com%2Fpresentations%2F221611%2Fres%2F840%2F840_img_0001.jpg&w=1536&q=100",
    "category": "cargo",
    "parsedAt": "2025-08-15T01:21:20.502Z",
    "images": [
      "https://rebike.com/_next/image?url=https%3A%2F%2Frebike-photo-nas.s3.eu-central-1.amazonaws.com%2Fpresentations%2F221611%2Fres%2F1284%2F1284_img_0001.jpg&w=1536&q=100",
      "https://rebike.com/_next/image?url=https%3A%2F%2Frebike-photo-nas.s3.eu-central-1.amazonaws.com%2Fpresentations%2F221611%2Fres%2F1284%2F1284_img_0002.jpg&w=1536&q=100",
      "https://rebike.com/_next/image?url=https%3A%2F%2Frebike-photo-nas.s3.eu-central-1.amazonaws.com%2Fpresentations%2F221611%2Fres%2F1284%2F1284_img_0003.jpg&w=1536&q=100",
      "https://rebike.com/_next/image?url=https%3A%2F%2Frebike-photo-nas.s3.eu-central-1.amazonaws.com%2Fpresentations%2F221611%2Fres%2F270%2F270_img_0001.jpg&w=1536&q=100",
      "https://rebike.com/_next/image?url=https%3A%2F%2Frebike-photo-nas.s3.eu-central-1.amazonaws.com%2Fpresentations%2F221611%2Fres%2F270%2F270_img_0002.jpg&w=1536&q=100",
      "https://rebike.com/_next/image?url=https%3A%2F%2Frebike-photo-nas.s3.eu-central-1.amazonaws.com%2Fpresentations%2F221611%2Fres%2F270%2F270_img_0003.jpg&w=1536&q=100",
      "https://rebike.com/_next/image?url=https%3A%2F%2Frebike-photo-nas.s3.eu-central-1.amazonaws.com%2Fpresentations%2F221611%2Fres%2F270%2F270_img_0004.jpg&w=1536&q=100",
      "https://rebike.com/_next/image?url=https%3A%2F%2Frebike-photo-nas.s3.eu-central-1.amazonaws.com%2Fpresentations%2F221611%2Fres%2F270%2F270_img_0005.jpg&w=1536&q=100"
    ],
    "description": "Babboe City Mountain E-Lastenrad E-Lastenrad 2022. Wir versenden alle unsere E-Bike vormontiert. Du musst lediglich deinen Lenker gerade stellen, Sitzhöhe an deine Körpergröße anpassen und die Pedale anschrauben. Passendes Werkzeug liegt natürlich dabei.",
    "specifications": {
      "Artikel-Nr": "221611",
      "Akku": "Akku Unter der Bank",
      "Akku Kapazität": "500 Wh",
      "Akku Position": "Rahmenakku",
      "Bremse hinten": "Tektro Auriga Hydraulische Scheibenbremsen",
      "Bremse vorne": "Tektro Auriga Hydraulische Scheibenbremsen"
    },
    "originalBasePriceEur": 4549,
    "currentBasePriceEur": 4179,
    "priceRub": "4179 €",
    "originalPriceRub": "4549 €",
    "originalPriceEur": "4.549 €",
    "currentPriceEur": "4.179 €",
    "discountPercent": 8,
    "id": "221611"
  },
  {
    "title": "Riese & Müller Load 75 touring",
    "currentPrice": "5.119 €",
    "originalPrice": "8.000 €",
    "url": "https://rebike.com/de/riese--mller-load-75-touring-246289?number=246289",
    "imageUrl": "https://rebike.com/_next/image?url=https%3A%2F%2Frebike-photo-nas.s3.eu-central-1.amazonaws.com%2Fpresentations%2F246289%2Fres%2F840%2F840_img_0001.jpg&w=1536&q=100",
    "category": "cargo",
    "parsedAt": "2025-08-15T01:21:20.502Z",
    "images": [
      "https://rebike.com/_next/image?url=https%3A%2F%2Frebike-photo-nas.s3.eu-central-1.amazonaws.com%2Fpresentations%2F246289%2Fres%2F1284%2F1284_img_0001.jpg&w=1536&q=100",
      "https://rebike.com/_next/image?url=https%3A%2F%2Frebike-photo-nas.s3.eu-central-1.amazonaws.com%2Fpresentations%2F246289%2Fres%2F1284%2F1284_img_0002.jpg&w=1536&q=100",
      "https://rebike.com/_next/image?url=https%3A%2F%2Frebike-photo-nas.s3.eu-central-1.amazonaws.com%2Fpresentations%2F246289%2Fres%2F1284%2F1284_img_0003.jpg&w=1536&q=100",
      "https://rebike.com/_next/image?url=https%3A%2F%2Frebike-photo-nas.s3.eu-central-1.amazonaws.com%2Fpresentations%2F246289%2Fres%2F270%2F270_img_0001.jpg&w=1536&q=100",
      "https://rebike.com/_next/image?url=https%3A%2F%2Frebike-photo-nas.s3.eu-central-1.amazonaws.com%2Fpresentations%2F246289%2Fres%2F270%2F270_img_0002.jpg&w=1536&q=100",
      "https://rebike.com/_next/image?url=https%3A%2F%2Frebike-photo-nas.s3.eu-central-1.amazonaws.com%2Fpresentations%2F246289%2Fres%2F270%2F270_img_0003.jpg&w=1536&q=100",
      "https://rebike.com/_next/image?url=https%3A%2F%2Frebike-photo-nas.s3.eu-central-1.amazonaws.com%2Fpresentations%2F246289%2Fres%2F270%2F270_img_0004.jpg&w=1536&q=100",
      "https://rebike.com/_next/image?url=https%3A%2F%2Frebike-photo-nas.s3.eu-central-1.amazonaws.com%2Fpresentations%2F246289%2Fres%2F270%2F270_img_0005.jpg&w=1536&q=100"
    ],
    "description": "Riese & Müller Load 75 touring. Wir versenden alle unsere E-Bike vormontiert. Du musst lediglich deinen Lenker gerade stellen, Sitzhöhe an deine Körpergröße anpassen und die Pedale anschrauben. Passendes Werkzeug liegt natürlich dabei.",
    "specifications": {
      "Artikel-Nr": "246289",
      "Akku": "Bosch PowerPack",
      "Akku Kapazität": "500 Wh",
      "Akku Position": "Rahmenakku",
      "Bremse hinten": "TRP C2.3",
      "Bremse vorne": "TRP C2.3"
    },
    "originalBasePriceEur": 8000,
    "currentBasePriceEur": 5119,
    "priceRub": "5119 €",
    "originalPriceRub": "8000 €",
    "originalPriceEur": "8.000 €",
    "currentPriceEur": "5.119 €",
    "discountPercent": 36,
    "id": "246289"
  },
  {
    "title": "Riese & Müller Load 75 Rohloff HS",
    "currentPrice": "7.559 €",
    "originalPrice": "12.000 €",
    "url": "https://rebike.com/de/riese--mller-load-75-rohloff-hs-2022-265197?number=265197",
    "imageUrl": "https://rebike.com/_next/image?url=https%3A%2F%2Frebike-photo-nas.s3.eu-central-1.amazonaws.com%2Fpresentations%2F265197%2Fres%2F840%2F840_img_0001.jpg&w=1536&q=100",
    "category": "cargo",
    "parsedAt": "2025-08-15T01:21:20.502Z",
    "images": [
      "https://rebike.com/_next/image?url=https%3A%2F%2Frebike-photo-nas.s3.eu-central-1.amazonaws.com%2Fpresentations%2F265197%2Fres%2F1284%2F1284_img_0001.jpg&w=1536&q=100",
      "https://rebike.com/_next/image?url=https%3A%2F%2Frebike-photo-nas.s3.eu-central-1.amazonaws.com%2Fpresentations%2F265197%2Fres%2F1284%2F1284_img_0002.jpg&w=1536&q=100",
      "https://rebike.com/_next/image?url=https%3A%2F%2Frebike-photo-nas.s3.eu-central-1.amazonaws.com%2Fpresentations%2F265197%2Fres%2F1284%2F1284_img_0003.jpg&w=1536&q=100",
      "https://rebike.com/_next/image?url=https%3A%2F%2Frebike-photo-nas.s3.eu-central-1.amazonaws.com%2Fpresentations%2F265197%2Fres%2F270%2F270_img_0001.jpg&w=1536&q=100",
      "https://rebike.com/_next/image?url=https%3A%2F%2Frebike-photo-nas.s3.eu-central-1.amazonaws.com%2Fpresentations%2F265197%2Fres%2F270%2F270_img_0002.jpg&w=1536&q=100",
      "https://rebike.com/_next/image?url=https%3A%2F%2Frebike-photo-nas.s3.eu-central-1.amazonaws.com%2Fpresentations%2F265197%2Fres%2F270%2F270_img_0003.jpg&w=1536&q=100",
      "https://rebike.com/_next/image?url=https%3A%2F%2Frebike-photo-nas.s3.eu-central-1.amazonaws.com%2Fpresentations%2F265197%2Fres%2F270%2F270_img_0004.jpg&w=1536&q=100",
      "https://rebike.com/_next/image?url=https%3A%2F%2Frebike-photo-nas.s3.eu-central-1.amazonaws.com%2Fpresentations%2F265197%2Fres%2F270%2F270_img_0005.jpg&w=1536&q=100"
    ],
    "description": "Riese & Müller Load 75 Rohloff HS. Wir versenden alle unsere E-Bike vormontiert. Du musst lediglich deinen Lenker gerade stellen, Sitzhöhe an deine Körpergröße anpassen und die Pedale anschrauben. Passendes Werkzeug liegt natürlich dabei.",
    "specifications": {
      "Artikel-Nr": "265197",
      "Akku": "Bosch PowerPack",
      "Akku Kapazität": "500 Wh + 500 Wh",
      "Akku Position": "Rahmenakku",
      "Bremse hinten": "TRP C223",
      "Bremse vorne": "TRP C23"
    },
    "originalBasePriceEur": 12000,
    "currentBasePriceEur": 7559,
    "priceRub": "7559 €",
    "originalPriceRub": "12000 €",
    "originalPriceEur": "12.000 €",
    "currentPriceEur": "7.559 €",
    "discountPercent": 37,
    "id": "265197"
  }
]